title,url,time_added,tags,status
Bloom filter - Wikipedia,https://en.wikipedia.org/wiki/Bloom_filter,1640261087,estrutura-dados,unread
Home / X,https://twitter.com/home,1712093952,,unread
The Spriters Resource,https://www.spriters-resource.com/,1592919002,gamedev,unread
Fielding Dissertation: CHAPTER 5: Representational State Transfer (REST),https://www.ics.uci.edu/~fielding/pubs/dissertation/rest_arch_style.htm,1643309769,arquitetura,unread
Chapters - Learn You a Haskell for Great Good!,http://learnyouahaskell.com/chapters,1694518123,functional-programming,unread
Selecting points from a database by latitude/longitude within a bounding ci,https://www.movable-type.co.uk/scripts/latlong-db.html,1597075344,postgres,unread
Starting Out | Learn You Some Erlang for Great Good!,https://learnyousomeerlang.com/starting-out,1638458801,erlang,unread
Einstein: Por Que Socialismo,https://www.marxists.org/portugues/einstein/1949/05/socialismo.htm,1675540144,comunismo,unread
Learn UI/UX Design at DesignCourse,https://designcourse.com/,1660597625,curso,unread
Gmail,https://mail.google.com/mail/u/0/,1593661757,,unread
Karl Marx: O Capital (Volume 1),https://www.marxists.org/portugues/marx/1867/ocapital-v1/index.htm,1675103069,comunismo,unread
Lenine: Que Fazer? - Indice,https://www.marxists.org/portugues/lenin/1902/quefazer/index.htm,1675103047,comunismo,unread
Engels: Princípioa Básicos do Comunismo,https://www.marxists.org/portugues/marx/1847/11/principios.htm,1675103002,comunismo,unread
Learning JavaScript Design Patterns,https://addyosmani.com/resources/essentialjsdesignpatterns/book/,1602257869,javascript,unread
Manifesto do Partido Comunista,https://www.marxists.org/portugues/marx/1848/ManifestoDoPartidoComunista/index.htm,1675103012,comunismo,unread
Instagram,https://www.instagram.com/,1682447211,,unread
Iago Cavalcante · Software Engineer,http://localhost:4000/,1677094693,,unread
"O Imperialismo, Fase Superior do Capitalismo",https://www.marxists.org/portugues/lenin/1916/imperialismo/index.htm,1675103062,comunismo,unread
Outline - Read & annotate without distractions,https://outline.com/,1568301937,hacks,unread
As Três Fontes e as Três partes Constitutivas do Marxismo,https://www.marxists.org/portugues/lenin/1913/03/tresfont.htm,1675102977,comunismo,unread
Wget - Baixando sites inteiros [Dica],https://www.vivaolinux.com.br/dica/Wget-Baixando-sites-inteiros,1568124635,linux,unread
Riot Games - Twitch,https://www.twitch.tv/riotgames,1664921389,,unread
Marx e Engels: A Ideologia Alemã,https://www.marxists.org/portugues/marx/1845/ideologia-alema-oe/index.htm,1675103034,comunismo,unread
"px to Point Converter, Chart -- EndMemo",http://www.endmemo.com/sconvert/pixelpoint.php,1571348686,pt-to-px,unread
Crítica do Programa de Gotha,https://www.marxists.org/portugues/marx/1875/gotha/index.htm,1675103040,comunismo,unread
O Estado e a Revolução,https://www.marxists.org/portugues/lenin/1917/08/estadoerevolucao/index.htm,1675103055,comunismo,unread
RiotGamesBrazil - Twitch,https://www.twitch.tv/riotgamesbrazil,1611426710,,unread
Boitempo Editorial,https://www2.boitempoeditorial.com.br/,1622464204,livros,unread
"Karl Marx: Salário, preço e lucro (1865)",https://www.marxists.org/portugues/marx/1865/salario/index.htm,1675103026,comunismo,unread
Friederich Engels: Do Socialismo Utópico ao Socialismo Cientifico,https://www.marxists.org/portugues/marx/1880/socialismo/index.htm,1675103019,comunismo,unread
Scoop,https://scoop.sh/,1713963346,arquitetura,unread
inFORM,https://tangible.media.mit.edu/project/inform/,1701893501,eng,unread
VPSDime - Cheap VPS Hosting,https://vpsdime.com/,1568640263,vps,unread
PDF Drive - Search and download PDF files for free.,https://www.pdfdrive.com/,1701980408,ia tools,unread
Hack · Programming Productivity Without Breaking Things,https://hacklang.org/,1606867692,curious,unread
What are microservices?,https://microservices.io/,1605208502,arquitetura,unread
Atomic Design | Brad Frost,https://bradfrost.com/blog/post/atomic-web-design/,1636030367,frontend,unread
Let's build a browser engine! Part 7: Painting 101,https://limpet.net/mbrubeck/2014/11/05/toy-layout-engine-7-painting.html,1646513034,browser-project,unread
WhatsApp,https://web.whatsapp.com/,1751407217,,unread
Using PostgreSQL and jsonb with Ruby on Rails - Nando Vieira,https://nandovieira.com/using-postgresql-and-jsonb-with-ruby-on-rails,1578338860,rails,unread
Build an ESP8266 Web Server - Code and Schematics (NodeMCU) | Random Nerd T,https://randomnerdtutorials.com/esp8266-web-server/,1569847104,iot,unread
Your Gateway to Embedded Software Development Excellence · PlatformIO,https://platformio.org/,1708531704,iot,unread
leecade/react-native-swiper: The best Swiper component for React Native.,https://github.com/leecade/react-native-swiper,1592320074,react-native-hooks,unread
http://ideas.ted.com/5-examples-of-how-the-languages-we-speak-can-affect-the-way-we-think?utm_source=pocket&utm_campaign=fftutorial,http://ideas.ted.com/5-examples-of-how-the-languages-we-speak-can-affect-the-way-we-think?utm_source=pocket&utm_campaign=fftutorial,1472045248,,unread
GitFlow considered harmful | End of Line Blog,https://www.endoflineblog.com/gitflow-considered-harmful,1586878540,git,unread
"Kon’nichi wa, Ruby :: Why's (Poignant) Guide to Ruby",https://poignant.guide/book/chapter-2.html,1571171120,ruby,unread
Color Palettes for Designers and Artists - Color Hunt,https://colorhunt.co/,1625512171,frontend,unread
Other resources,https://rscss.io/other-resources.html,1569982625,css,unread
"Trello tribute with Phoenix and React (pt.2) - Code, Love & Boards",http://codeloveandboards.com/blog/2016/01/11/trello-tribute-with-phoenix-and-react-pt-2/,1598027327,elixir,unread
"Design Patterns and Anti-Patterns, Love and Hate",https://www.yegor256.com/2016/02/03/design-patterns-and-anti-patterns.html,1568994941,pattern,unread
0x - npm,https://www.npmjs.com/package/0x,1594913391,node,unread
Testes de Carga com JMeter - Ship It!,http://shipit.resultadosdigitais.com.br/blog/testes-de-carga-com-jmeter/,1600115549,performance,unread
WTTD Fórum,https://forum.welcometothedjango.com.br/,1571500920,wttd,unread
Dev curricula – @herbertograca,https://herbertograca.com/dev-theory-articles-listing/,1584465109,arquitetura,unread
"Effortlessly add HTTPS to Dokku, with Let’s Encrypt | by Tim Perry | Medium",https://medium.com/@pimterry/effortlessly-add-https-to-dokku-with-lets-encrypt-900696366890,1605037103,dokku,unread
Creating Your First Elm App: From Authentication to Calling an API (Part 1),https://auth0.com/blog/creating-your-first-elm-app-part-1/,1567535919,elm,unread
Creating Your First Elm App: From Authentication to Calling an API (Part 2),https://auth0.com/blog/creating-your-first-elm-app-part-2/,1567542972,elm,unread
autocannon - npm,https://www.npmjs.com/package/autocannon,1594913384,node,unread
"Oh Shit, Git!?!",https://ohshitgit.com/,1677589119,git,unread
Feed | LinkedIn,https://www.linkedin.com/feed/,1678716357,,unread
Beginning Elm: a gentle introduction to Elm programming language - Beginnin,https://elmprogramming.com/,1568087141,elm,unread
infinitered/reactotron: A desktop app for inspecting your React JS and Reac,https://github.com/infinitered/reactotron,1633096745,react-native-hooks,unread
NativeScript Image Builder,http://nsimage.brosteins.com/Home/UploadImage,1570919127,icon generator,unread
"Oh, PostgreSQL. You surprise me everyday. [Geospatial Search] | by Philip B",https://medium.com/@philipdbrown/oh-postgresql-you-surprise-me-everyday-geospatial-search-49e63ea14a18,1597075334,postgres,unread
How to make your own bittorrent client,https://allenkim67.github.io/programming/2016/05/04/how-to-make-your-own-bittorrent-client.html,1579724845,implement-my-own,unread
Modules and functions - Elixir,https://elixir-lang.org/getting-started/modules-and-functions.html,1568227541,elixir,unread
https://leanpub.com/elixir-elm-tutorial/,https://leanpub.com/elixir-elm-tutorial/,1567535724,elixir,unread
https://www.joedog.org/software/,https://www.joedog.org/software/,1580154535,metrics,unread
How Complex Systems Fail,https://how.complexsystems.fail/,1690293213,arquitetura,unread
Miniboss • Pixel art tutorials,https://blog.studiominiboss.com/pixelart,1614820388,pixelart,unread
ProseMirror basic example,https://prosemirror.net/examples/basic/,1650144859,,unread
The Software Architecture Chronicles – @herbertograca,https://herbertograca.com/2017/07/03/the-software-architecture-chronicles/,1584465118,arquitetura,unread
Swagger Generator,https://roger13.github.io/SwagDefGen/,1689337141,open-api,unread
How to GraphQL - The Fullstack Tutorial for GraphQL,https://www.howtographql.com/,1567606448,graphql,unread
JavaScript Design Patterns: The Observer Pattern — SitePoint,https://www.sitepoint.com/javascript-design-patterns-observer-pattern/,1568954189,pattern,unread
The Observer Pattern in JavaScript explained | pawelgrzybek.com,https://pawelgrzybek.com/the-observer-pattern-in-javascript-explained/,1568954173,pattern,unread
"SEED - Deploy, manage, and monitor Serverless applications",https://seed.run/,1617299328,arquitetura,unread
How Does a Database Work? | Let’s Build a Simple Database,https://cstack.github.io/db_tutorial/,1718981687,arquitetura,unread
Controle e Monitoramento IoT com NodeMCU e MQTT - FilipeFlop,https://www.filipeflop.com/blog/controle-monitoramento-iot-nodemcu-e-mqtt/,1606056950,iot,unread
Como programar o NodeMCU com IDE Arduino - FilipeFlop,https://www.filipeflop.com/blog/programar-nodemcu-com-ide-arduino/,1569847086,iot,unread
Using Services to Keep Your Rails Controllers Clean and DRY,https://www.engineyard.com/blog/keeping-your-rails-controllers-dry-with-services,1579184536,rails,unread
Home - Office UI Fabric,https://developer.microsoft.com/en-us/fabric#/styles,1567698418,ui,unread
Protegendo dados sensíveis com Git-Crypt - Training Center - Medium,https://medium.com/trainingcenter/protegendo-dados-sens%C3%ADveis-com-git-crypt-9fca13e6835b,1569418915,git,unread
How to build a dating application? - By,https://hackernoon.com/how-to-build-a-dating-application-55d5ca0c8f5c,1572391783,legends match,unread
Hexadecimal color code for transparency,https://gist.github.com/lopspower/03fb1cc0ac9f32ef38f4,1614279553,hexcolor,unread
Create a Drag and Drop Component in React Native | by Bi Yoo | React Native,https://blog.reactnativecoach.com/creating-draggable-component-with-react-native-132d30c27cb0,1610491891,react-native-hooks,unread
"DDD, Hexagonal, Onion, Clean, CQRS, … How I put it all together – @hgraca",https://herbertograca.com/2017/11/16/explicit-architecture-01-ddd-hexagonal-onion-clean-cqrs-how-i-put-it-all-together/,1604426976,arquitetura,unread
Course Status - OneBitCode,https://onebitcode.com/course-status/,1569980697,rails,unread
Sci-Hub: removing barriers in the way of science,https://sci-hub.tw/,1587159173,academia,unread
Architectural Patterns Tutorials | @RisingStack - RisingStack Engineering -,https://blog.risingstack.com/tag/architectural-patterns/,1594577461,node,unread
Caixa de entrada - iagoangelimc@gmail.com - Gmail,https://mail.google.com/mail/u/0/#inbox,1680551672,,unread
Inbox (6) - icavalcante@truelogic.io - TRUELOGIC Mail,https://mail.google.com/mail/u/1/#inbox,1678723317,,unread
Introduction | Learn You Some Erlang for Great Good!,https://learnyousomeerlang.com/introduction#about-this-tutorial,1579177408,erlang,unread
App Icon Generator,https://appicon.co/,1611066810,icon generator,unread
App Icon Generator,https://appicon.co/#image-sets,1645657249,icon generator,unread
Padrões de SaaS multilocatário | Microsoft Docs,https://docs.microsoft.com/pt-br/azure/sql-database/saas-tenancy-app-design-patterns,1579742081,multitenancy,unread
HTML Standard,https://html.spec.whatwg.org/multipage/parsing.html#parsing,1646508596,browser-project,unread
Convert Decimal Hours To Hours And Minutes In 1 Step! • OnTheClock,https://www.ontheclock.com/convert-hours-minutes-to-decimal-hours.aspx,1572539206,convert,unread
MIRÃO Distribuidora | Informática & Eletrônicos,https://www.mirao.com.br/,1683341069,varejo,unread
The Hitchhiker's Guide to the Unexpected,https://ferd.ca/the-hitchhiker-s-guide-to-the-unexpected.html,1719234387,elixir,unread
Sass Guidelines — Portuguese translation,https://sass-guidelin.es/pt/#arquitetura,1585776637,css,unread
"OneDev - Git Server with CI/CD, Kanban, and Packages",https://onedev.io/,1708115712,devops,unread
Building Your First Elm App - Noteworthy - The Journal Blog,https://blog.usejournal.com/building-your-first-elm-app-e1dd94a08a72,1567535940,elm,unread
Semantic Commit Messages,https://gist.github.com/joshbuchea/6f47e86d2510bce28f8e7f42ae84c716,1567372851,git,unread
Build a Reactivity System - Advanced Components | Vue Mastery,https://www.vuemastery.com/courses/advanced-components/build-a-reactivity-system/,1569956719,vuejs,unread
GraphQL for the JVM: An Introduction to Nodes - American Express Technology,https://americanexpress.io/graphql-for-the-jvm/,1597851641,java,unread
Building a VuePress site with the Netlify CMS,https://www.vuejsradar.com/vuepress-netlify-cms-integration/,1563841253,vuejs,unread
Interface Essentials - iOS - Human Interface Guidelines - Apple Developer,https://developer.apple.com/design/human-interface-guidelines/ios/overview/interface-essentials/,1639423782,design,unread
Applying and Organizing Styles in React Native - Manning,https://freecontent.manning.com/applying-and-organizing-styles-in-react-native/,1617410411,react-native-hooks,unread
Guia de referencias sobre estudo de JavaScript,https://gist.github.com/vinicius73/60027329a3855345e15b2eeaa3fd588d,1673022937,javascript,unread
Clinic.js - An Open Source Node.js performance profiling suite by NearForm,https://clinicjs.org/,1594913378,node,unread
Manual de Economia Política,https://www.marxists.org/portugues/ostrovitianov/1959/manual/index.htm,1675103075,comunismo,unread
NVIDIA Optimus Bumblebee :: Fedora Docs Site,https://docs.fedoraproject.org/en-US/quick-docs/bumblebee/index.html,1567812344,fedora,unread
Design Patterns on iOS using Swift – Part 1/2 | raywenderlich.com,https://www.raywenderlich.com/477-design-patterns-on-ios-using-swift-part-1-2,1592400930,swift,unread
JavaScript Basic Column Chart Example – ApexCharts.js,https://apexcharts.com/javascript-chart-demos/column-charts/basic/,1598362074,javascript,unread
Build a Chat system using Rails 5 API Action Cable and ReactJS with multipl,https://medium.com/@mreigen/how-to-use-rails-5-action-cable-to-build-a-chat-system-with-multiple-private-rooms-with-multiple-5bf82d98a5aa,1571404640,rails,unread
Learn - Bullet Journal,https://bulletjournal.com/pages/learn,1579808006,bujo,unread
Básico · Elixir School,https://elixirschool.com/pt/lessons/basics/basics/#tipos-b%C3%A1sicos,1568039440,elixir,unread
Scaling Engineering Teams via RFCs: Writing Things Down - The Pragmatic Engineer,https://blog.pragmaticengineer.com/scaling-engineering-teams-via-writing-things-down-rfcs/,1732122895,arquitetura,unread
Scalable Frontend #1 — Architecture Fundamentals – The Miners,https://blog.codeminer42.com/scalable-frontend-1-architecture-9b80a16b8ec7/,1586784336,arquitetura,unread
useHooks - Easy to understand React Hook recipes,https://usehooks.com/,1595967718,react-native-hooks,unread
Building a Simple Content Slider with Vue.js - Markus Oberlehner,https://markus.oberlehner.net/blog/building-a-simple-content-slider-with-vue/,1614698638,vuejs,unread
Squoosh,https://squoosh.app/,1678902952,frontend,unread
How to fetch data with React Hooks? - RWieruch,https://www.robinwieruch.de/react-hooks-fetch-data,1584560017,react-native-hooks,unread
Instances - ElephantSQL,https://customer.elephantsql.com/instance,1563907582,postgres,unread
Elixir Alchemy email series | AppSignal Blog,https://blog.appsignal.com/category/elixir-alchemy.html,1586895185,elixir,unread
wcandillon/can-it-be-done-in-react-native: ⚛️ ? Projects from the “Can it b,https://github.com/wcandillon/can-it-be-done-in-react-native,1638993112,design,unread
The Prototype Phase | The Startup Process | Feedough,https://www.feedough.com/the-prototype-phase/,1578777670,startup,unread
Create a Mix Project and Run Elixir Code,https://pragmaticstudio.com/tutorials/create-elixir-mix-project-and-run-code,1568227555,elixir,unread
Try LitElement – LitElement,https://lit-element.polymer-project.org/try,1616776292,web-components,unread
Increase your Instagram followers with a simple Python bot | by Fábio Neves,https://towardsdatascience.com/increase-your-instagram-followers-with-a-simple-python-bot-fde048dce20d,1636541969,bot,unread
Create Content Loader,http://danilowoz.com/create-vue-content-loader/,1563844742,vuejs,unread
Create an Elixir Alexa skill deployed in an AWS lambda | by Adrián | Medium,https://medium.com/@qgadrian/create-an-elixir-alexa-skill-deployed-in-an-aws-lambda-2143b28f920e,1642427033,elixir,unread
Using Action Cable for Private Messaging & Presence Indicators on React/Rai,https://medium.com/@a.carreras.c/using-action-cable-for-private-messaging-presence-indicators-on-react-rails-app-526b3e34c14d,1578716843,rails,unread
"Unpacked: Multi-Player Bingo with Elixir, Phoenix, Vue, and Elm | The Pragm",https://pragmaticstudio.com/courses/unpacked-multi-player-bingo-with-elixir-phoenix-vue-elm,1581460213,elixir,unread
Operable Software,https://ferd.ca/operable-software.html,1701189796,elixir,unread
Netflix JavaScript Talks - Making Bandersnatch - YouTube,https://www.youtube.com/watch?v=WLqc0EX8Bmg&feature=youtu.be,1603922416,netflix,unread
Patterns for Style Composition in React | Jxnblk,https://jxnblk.com/blog/patterns-for-style-composition-in-react/,1585367201,frontend,unread
Fathom: An Open Source Google Analytics Alternative - DEV Community ?‍??‍?,https://dev.to/jacobherrington/fathom-an-open-source-google-analytics-alternative-1g7g,1570059692,analytics,unread
useEffect vs useLayoutEffect,https://kentcdodds.com/blog/useeffect-vs-uselayouteffect,1604424102,react-native-hooks,unread
React Native no Banco do Brasil: Como RN nos faz poupar 1500 horas por proj,https://www.infoq.com/br/presentations/react-native-no-banco-do-brasil-como-rn-nos-faz-poupar-1500-horas-por-projeto/,1648244246,react-native-hooks,unread
react-spring,https://www.react-spring.io/docs/hooks/examples,1584645553,react-native-hooks,unread
Building a Real-time Location Tracking app with NativeScript-Vue under 350 ,https://medium.com/saibbyweb/building-a-real-time-location-tracking-app-with-nativescript-vue-under-350-lines-of-code-8b51ad40d657,1568163959,nativescript,unread
Container Components in Vue.js: Advanced Component Composition - Markus Obe,https://markus.oberlehner.net/blog/advanced-vue-component-composition-with-container-components/,1572976705,vuejs,unread
kind,https://kind.sigs.k8s.io/,1620425655,devops,unread
How to Use the Observable Pattern in JavaScript - WebDevStudios,https://webdevstudios.com/2019/02/19/observable-pattern-in-javascript/,1568930833,pattern,unread
How to install ruby pg gem without PostgreSQL locally,https://michaelrigart.be/install-pg-ruby-gem-without-postgresql/,1599138427,rails,unread
"Tilt | Kubernetes for Prod, Tilt for Dev",https://tilt.dev/,1712325589,arquitetura,unread
Rebuilding Git in Ruby,https://thoughtbot.com/blog/rebuilding-git-in-ruby,1579724859,implement-my-own,unread
React Hooks: O que você precisa saber? Descubra Agora!,https://www.devmedia.com.br/react-hoje-e-amanha-o-que-muda-com-os-hooks/40314,1582118791,react-native-hooks,unread
Free for developers,https://free-for.dev/#/,1620677582,arquitetura,unread
Ghidra,https://ghidra-sre.org/,1704999988,reverse-eng,unread
• Discord | Friends,https://discord.com/channels/@me,1717601762,,unread
Automated Testing for League of Legends | Riot Games Technology,https://technology.riotgames.com/news/automated-testing-league-legends,1634654016,arquitetura,unread
Hooks with React & React Native ⚓️ - Noteworthy - The Journal Blog,https://blog.usejournal.com/hooks-with-react-react-native-%EF%B8%8F-a3227609e512,1582118781,react-native-hooks,unread
Using ActiveStorage in Rails API-apps - Zweitag,https://www.zweitag.de/en/blog/active-storage-rails-api-apps,1579542606,,unread
AHA Programming ?,https://kentcdodds.com/blog/aha-programming,1619444362,arquitetura,unread
Ape Tools: Don't Go Ape - Go Ape Tools. App Icon and Splashscreen Generator,https://apetools.webprofusion.com/#/tools/imagegorilla,1592275135,tools,unread
Building Responsive Apps with NativeScript,https://www.nativescript.org/blog/building-responsive-apps-with-nativescript,1568308045,nativescript,unread
React Hooks - A deeper dive featuring useContext and useReducer | TestDrive,https://testdriven.io/blog/react-hooks-advanced/,1582118755,react-native-hooks,unread
React Hooks Basics— Building a React Native App with React Hooks,https://medium.com/crowdbotics/build-a-react-native-app-with-react-hooks-5498e1d5fdf6,1582118800,react-native-hooks,unread
"Elixir, Phoenix, Absinthe, GraphQL, React, and Apollo: an absurdly deep div",https://schneider.dev/blog/elixir-phoenix-absinthe-graphql-react-apollo-absurdly-deep-dive/,1568039461,elixir,unread
Gitflow workflow vs Feature Branch workflow - Medvine Tech - Medium,https://medium.com/medvine/gitflow-workflow-vs-feature-branch-workflow-8fb4c26571c5,1586878522,git,unread
How to Generate a React Native Release Build APK for Android,https://www.instamobile.io/android-development/generate-react-native-release-build-android/,1600784860,react-native-hooks,unread
Proxyman · Debug Network Faster & Smarter with Proxyman,https://proxyman.io/,1709604906,tools,unread
Installing vue-cli | Vue Testing Handbook,https://lmiller1990.github.io/vue-testing-handbook/setting-up-for-tdd.html#writing-your-first-test,1581364966,vuejs,unread
Integrating devise_token_auth with a Vue app,http://nelsonware.com/blog/2019/01/09/integrating-devise-token-auth-with-a-vue-app.html,1578716829,rails|vue,unread
Essential React Hooks Design Patterns - ITNEXT,https://itnext.io/essential-react-hooks-design-patterns-a04309cc0404,1582118773,react-native-hooks,unread
Story Points Revisited,https://ronjeffries.com/articles/019-01ff/story-points/Index.html,1704211890,eng,unread
Buttons on the web: placement and order | by Artem Syzonenko | UX Collectiv,https://uxdesign.cc/buttons-placement-and-order-bb1c4abadfcb,1603229698,ux,unread
Function — Elixir v1.9.1,https://hexdocs.pm/elixir/Function.html#content,1568227569,elixir,unread
Through the Looking-Glass at Netflix,https://engelsjk.com/posts/through-the-looking-glass-at-netflix/,1603922403,netflix,unread
Get Started - Mycroft,https://mycroft.ai/get-started/#download,1606226527,iot,unread
The Abstract Factory Pattern In JavaScript,https://anasshekhamis.com/2017/08/17/the-abstract-factory-pattern-in-javascript/,1569980681,pattern,unread
Programming Challenges,https://thinkbreak.github.io/programming-challenges/,1585256150,challenges,unread
The Ultimate Guide to Dokku and Ruby On Rails 5 | by David Paluy | Medium,https://medium.com/@dpaluy/the-ultimate-guide-to-dokku-and-ruby-on-rails-5-9ecad2dba4a3,1599065815,rails,unread
Nestjs Typeorm Graphql Dataloader tutorial with Typescript - Codersera,https://codersera.com/blog/nestjs-typeorm-graphql-dataloader-tutorial-with-typescript/,1590473499,nestjs,unread
VoV 016: NativeScript Vue with Jen Looper - DEV Community ?‍??‍?,https://dev.to/viewsonvue/vov-016-nativescript-vue-with-jen-looper,1563995194,vuejs,unread
ESP8266 NodeMCU – Turn ON/OFF a Light Bulb – Geekering,https://www.geekering.com/?p=187,1606137264,iot,unread
"Deploying a Rails app with Dokku, Digital Ocean, a custom domain and SSL",https://blog.robertsj.com/deploying-a-rails-app-with-dokku/,1599068841,rails,unread
Soft-deletion is actually pretty hard - Build Galvanize - Medium,https://medium.com/galvanize/soft-deletion-is-actually-pretty-hard-cb434e24825c,1571745377,ruby,unread
"Multiplayer Go with Elixir's Registry, PubSub and dynamic supervisors | App",https://blog.appsignal.com/2019/08/13/elixir-alchemy-multiplayer-go-with-registry-pubsub-and-dynamic-supervisors.html?utm_source=boostedblogpost&utm_medium=twitter&utm_campaign=20190813-EA-GoMultiPlayer,1565905002,elixir,unread
How to Setup ActionCable with a Rails API Backend - André Santiago - Medium,https://medium.com/@the.asantiagojr/how-to-setup-actioncable-with-a-rails-api-backend-1f1807c2d908,1578338873,rails,unread
actioncable-vue - npm,https://www.npmjs.com/package/actioncable-vue,1578716851,rails|vue,unread
DDD do jeito certo: Comece pela UX - EximiaCo.Tech,https://www.eximiaco.tech/pt/2019/08/24/comece-pela-ux/?fbclid=IwAR1VBYosOUQ1s7SoaDuOmEKSseXY__JBtM7UEsPgdtrZzY44p-02p_oazoI,1566782040,arquitetura,unread
Construindo sua aplicação com Styled Components no Vue.js,https://medium.com/@fsenaweb/construindo-sua-aplica%C3%A7%C3%A3o-com-styled-components-no-vue-js-3e550449ae0e,1567091863,vuejs,unread
vqq4vvxl20 - CodeSandbox,https://codesandbox.io/s/vqq4vvxl20?view=preview,1568930826,pattern,unread
How to make Tinder-like card animations with React Native - LogRocket Blog,https://blog.logrocket.com/how-to-make-tinder-like-card-animations-with-react-native/,1584553989,react-native-hooks,unread
Getting started with Elm 0.19 // Tech @ ChefClub //,https://tech.chefclub.tv/getting-started-with-elm-0.19,1567535987,elm,unread
Flappy Bird With React-Native-Game-Engine and Matter.js,https://medium.com/better-programming/flappy-bird-with-react-native-game-engine-and-matter-js-d5673f50eb9,1592919012,,unread
A Senior Engineer's CheckList - Little Blah,https://littleblah.com/post/2019-09-01-senior-engineer-checklist/,1656536428,carreira|profissional,unread
React Native App : White Label 101 | by Sean Najera | Archived — Flawless i,https://medium.com/flawless-app-stories/react-native-white-label-101-163c1967c12a,1641479817,whitelabel,unread
Elm-UI - A user interface library and framework for Elm!,https://elm-ui.netlify.com/documentation/guides/drag-and-drop,1568233594,elm,unread
React Native App : White Label 102 | by Sean Najera | Medium,https://medium.com/@najera.sean/react-native-white-label-102-aba9c56f385c,1641479824,whitelabel,unread
OpenJS Node.js Application Developer (JSNAD) - Linux Foundation - Training,https://training.linuxfoundation.org/certification/jsnad/,1579717366,certifications,unread
VueJS Component Library: Why we created our UI component library,https://medium.com/homeday/frontend-how-weve-created-our-component-library-8a17147120c6,1570922572,vuejs,unread
Observer Design Pattern tutorial in JavaScript   Fun With a Language API - ,https://dev.to/erikwhiting88/observer-design-pattern-tutorial-in-javascript-fun-with-a-language-api-21o3,1568954206,pattern,unread
Library Genesis,https://libgen.lc/,1586809583,pirataria,unread
How to Make a Windows 10 USB Using Your Mac - Build a Bootable ISO From You,https://www.freecodecamp.org/news/how-make-a-windows-10-usb-using-your-mac-build-a-bootable-iso-from-your-macs-terminal/,1691867225,boot,unread
Web in motion,https://www.slideshare.net/NayaraAlvesPereira1/web-in-motion,1569552000,frontend,unread
GoTrue JS - bringing authentication to static sites with just 3kb of JS | N,https://www.netlify.com/blog/2018/12/07/gotrue-js-bringing-authentication-to-static-sites-with-just-3kb-of-js/,1584473404,vuejs,unread
Conventional Commits,https://www.conventionalcommits.org/en/v1.0.0/,1578441356,git,unread
The Adventures of OS,http://osblog.stephenmarz.com/,1570665863,operation system,unread
Vue 3 – A roundup of infos about the new version of Vue.js - Made with Vue.,https://madewithvuejs.com/blog/vue-3-roundup,1605888229,vue3,unread
iOS Course Resources | The App Brewery,https://www.appbrewery.co/p/ios-course-resources/,1645565651,angela-app-brewery,unread
Learning Path - Developer,https://aws.amazon.com/training/path-developing/?sc_channel=em&sc_campaign=GLOBAL_GC_LN_Win-back_2019.GLOBAL_GC_LN_Developer%20Certification&sc_medium=em_160985&sc_content=ACQ_ln_gc&sc_geo=mult&sc_country=global&sc_outcome=acq&trk=em_160985&mkt_tok=eyJpIjoiT0dKa09EVmtNMlZqWW1KaSIsInQiOiJoeVRTcGdhMTYyS2k2T2tLRWc5QVdJdkN3TERuQWdHZFZxcldMUVphbVZKOVJ3emZLY21kVnNscmFyR1IrOHY5XC9yMHFTekdXdEtzcGV4Z05LejJ3a3ZRSFV6YW1mcndSTmdSNHdKQkdobCtDRHJsZzVJcXFYUno1Q3lIRHFmR1kifQ%3D%3D,1570824021,aws certify,unread
(163) Impulso Network,https://chat.impulso.network/channel/apresente-se,1571078437,impulso,unread
"O Guia (comovente) de Ruby do Why :: 2. Kon’nichi wa, Ruby",http://why.carlosbrando.com/chapter-2.html#section1,1571173007,ruby,unread
Introduction to the in-depth Immer course from @mweststrate on @eggheadio,https://egghead.io/lessons/javascript-introduction-to-the-in-depth-immer-course,1571790807,curso|functional-programming,unread
https://howvideo.works/,https://howvideo.works/,1712945820,arquitetura,unread
Turma Steve Wozniak - Welcome to the Django,https://welcometothedjango.com.br/hackerspace/turmas/steve-wozniak/?s2-ssl=yes,1571500929,wttd,unread
AppLaunchpad - Create beautiful App Store & Google Play images for your app,https://theapplaunchpad.com/dashboard/android/?platform=android&template=center&device=nexus5x_black&project=_8d21813c9442fff91cee9ee956f52e06_1572101854355#,1572102330,icon generator,unread
RestAPI with Elixir and Phoenix: Part 1 | by Siddhant Singh | The Startup |,https://medium.com/swlh/restapi-with-elixir-and-phoenix-part-1-b7ff0c21a69,1607617916,elixir,unread
Converter Horas em Milissegundos,https://convertlive.com/pt/u/converter/horas/em/milissegundos#12.83,1572539199,convert,unread
As Cinco Doenças do Gerenciamento de Projetos - CincoDoencasDoGP.pdf,https://www.elirodrigues.com/wp-content/uploads/2010/11/CincoDoencasDoGP.pdf,1645626953,gerencia,unread
Notes on Building Evolutionary Architectures. | Irrational Exuberance,https://lethain.com/building-evolutionary-architectures/,1719845876,arquitetura,unread
illlustrations - open source illustrations kit,https://illlustrations.co/,1625512152,frontend,unread
ElephantSQL Console travessiaonline,https://api.elephantsql.com/console/e8539dd2-a056-44a2-b3a7-ef92028acd1a/details,1574191931,postgres,unread
Download General Magic (2018) YIFY Torrent for 1080p mp4 movie - yify-torre,https://yifytorrent.unblocked.earth/movie/70304/download-general-magic-2018-1080p-mp4-yify-torrent.html,1574430761,,unread
Happy Hues - Curated colors in context.,https://www.happyhues.co/,1625512163,frontend,unread
sergey-telpuk/nestjs-rbac: Awesome RBAC for NestJs,https://github.com/sergey-telpuk/nestjs-rbac,1593614812,rbac,unread
Flutter vs React Native – What to Choose in 2020?,https://www.thedroidsonroids.com/blog/flutter-vs-react-native-what-to-choose-in-2020,1602776325,react-native-hooks,unread
phpdocker-io/kong-certbot-agent: Let's Encrypt integration with Kong,https://github.com/phpdocker-io/kong-certbot-agent,1645034320,kong,unread
Release a Phoenix application with docker and Postgres | by Jan Peter | Med,https://medium.com/@j.schlacher_32979/release-a-phoenix-application-with-docker-and-postgres-28c6ae8c7184,1657651525,elixir,unread
API no ESP8266: Boas práticas de integração - FilipeFlop,https://www.filipeflop.com/blog/como-utilizar-uma-api-no-esp8266-nodemcu-boas-praticas-para-integracoes/,1606056966,iot,unread
multi tenant - NestJS Request Scoped Multitenancy for Multiple Databases - ,https://stackoverflow.com/questions/56583231/nestjs-request-scoped-multitenancy-for-multiple-databases,1593614798,,unread
Finding nearby addreses by geo location in rails - Stack Overflow,https://stackoverflow.com/questions/13712424/finding-nearby-addreses-by-geo-location-in-rails,1578338881,rails,unread
iagocavalcante/legends-match-api,https://github.com/iagocavalcante/legends-match-api,1578697289,,unread
Creating a Design System with Monorepo | by Koba | Loft | Medium,https://medium.com/loftbr/creating-a-design-system-with-monorepo-bc18e055fb3c,1720715372,frontend,unread
HTML5 Security Cheat Sheet | OWASP,https://owasp.org/www-project-cheat-sheets/cheatsheets/HTML5_Security_Cheat_Sheet.html,1579803297,sec,unread
OpenJS Node.js Services Developer (JSNSD) - Linux Foundation - Training,https://training.linuxfoundation.org/certification/jsnsd/#domains,1579717357,certifications,unread
Nested model forms with Phoenix LiveView - Tutorials and screencasts for El,https://fullstackphoenix.com/tutorials/nested-model-forms-with-phoenix-liveview,1662580791,elixir,unread
pratica-deliberada (praticadeliberada1) | Trello,https://trello.com/praticadeliberada1,1581273920,pratica,unread
Stripy — Stripy v2.1.0,https://hexdocs.pm/stripy/readme.html,1685042526,elixir,unread
Tailwind CSS Components - Tailwind UI,https://tailwindui.com/components,1678829052,,unread
"Project LightSpeed: Rewriting Messenger to be faster, smaller, and simpler",https://engineering.fb.com/data-infrastructure/messenger/,1583252440,facebook-eng,unread
Authorization in Phoenix web applications using Role Based Access Control (,https://www.youtube.com/watch?v=6TlcVk-1Tpc,1641863530,elixir,unread
Swift Developer Roadmap | Trello,https://trello.com/b/hLGyiEEE/swift-developer-roadmap,1641246552,swift,unread
Get Really Good at React | Epic React by Kent C. Dodds,https://epicreact.dev/,1599592617,react,unread
The problem with Git flow | GitLab,https://about.gitlab.com/blog/2020/03/05/what-is-gitlab-flow/,1586878507,git,unread
Stories of reaching Staff-plus engineering roles - StaffEng | StaffEng,https://staffeng.com/,1619737585,arquitetura,unread
Vue 3 Reactivity - Learn Composition Functions API,https://www.netlify.com/blog/2020/03/10/reactivity-in-vue-3/?utm_source=twitter&utm_medium=reactivity3-s&utm_campaign=devex,1584473414,vuejs,unread
Coronavirus COVID19 API,https://covid19api.com/,1586214346,covid19,unread
Coronavirus,https://covid-19-brazil.tasafo.org/,1586214420,covid19,unread
[Bootcamp GoStack] Desafio 06 - Banco de dados e upload no Node.js - YouTub,https://www.youtube.com/watch?v=aEUDRBBbo-Y,1594470742,node,unread
Text to Handwriting,https://saurabhdaware.github.io/text-to-handwriting/,1612018677,travessia,unread
Building a Scalable CSS Architecture With BEM and Utility Classes | CSS-Tri,https://css-tricks.com/building-a-scalable-css-architecture-with-bem-and-utility-classes/,1617491631,css,unread
Programming - Will Vincent,https://willvincent.com/tag/programming/,1587577660,javascript,unread
COMO FAZER STREAM COM 2 PCs!!! SEM PLACA DE CAPTURA!!! - YouTube,https://www.youtube.com/watch?v=8chMapRNWcg,1599932339,streamlabs,unread
Polling in React using the useInterval Custom Hook | by Paige Niedringhaus ,https://blog.bitsrc.io/polling-in-react-using-the-useinterval-custom-hook-e2bcefda4197,1607564373,react-native-hooks,unread
? Illustrations - UX Library,https://www.uxlibrary.org/more/free-resources/illustrations,1603228555,illustrations,unread
CS193p - Developing Apps for iOS,https://cs193p.sites.stanford.edu/,1620764494,ios|stanford,unread
How To Install and Use Docker on Ubuntu 20.04 | DigitalOcean,https://www.digitalocean.com/community/tutorials/how-to-install-and-use-docker-on-ubuntu-20-04,1639404201,kong,unread
Patterns for Managing Source Code Branches,https://martinfowler.com/articles/branching-patterns.html?fbclid=IwAR19vFQ0qtOIwznHtvg_O4umHal0T-D08ihl6i7OshUm6dTllusI5xIDfbY#experimental-branch?utm_medium=gagoio&utm_source=facebook,1589949215,arquitetura,unread
Imbox,https://app.hey.com/,1739568218,,unread
Spotify Engineering - Spotify’s official technology blog : Spotify Engineer,https://engineering.atspotify.com/,1667251995,arquitetura,unread
p5.js Web Editor | A bruxa Ripsta - aula 3,https://editor.p5js.org/alura/sketches/XYLfoz6Lp,1593088048,gamedev,unread
The Screener,https://app.hey.com/clearances,1725884852,,unread
Imbox,https://app.hey.com/imbox,1718567982,,unread
React Native Case: How to Create a Custom Tab Bar? | LitsLink Blog,https://litslink.com/blog/react-native-how-to-create-a-custom-tab-bar,1593614824,react-native-hooks,unread
Build a Video Chat App in Phoenix LiveView | Littlelines,https://littlelines.com/blog/2020/07/06/building-a-video-chat-app-in-phoenix-liveview,1677192901,elixir,unread
Build for Voice with Amazon,https://build.amazonalexadev.com/cursoalexa-designdevoz-videos.html?aliId=eyJpIjoibm9QcXRKMFcrWXEyZG10WSIsInQiOiJLM3NZZU91c1FnYlYxbVBXbnplKzB3PT0ifQ%253D%253D,1594420441,alexa,unread
Live demo for Proind - Industrial Services Multipurpose Modern Elementor Wo,https://www.templatemonsterpreview.com/demo/49645.html?_ga=2.135243890.274887764.1594481131-383236947.1594481131&_gac=1.254363258.1594481149.CjwKCAjwxqX4BRBhEiwAYtJX7RkzAKZ2OoiBvruBuIdgdbN3lkIOz8xJzyqTVF4oFotk0SRi3uz9TRoCs34QAvD_BwE,1594664885,templates,unread
Live demo for Metaleel WordPress Theme #64053,https://www.templatemonsterpreview.com/demo/64053.html?_ga=2.233279453.274887764.1594481131-383236947.1594481131&_gac=1.124473080.1594481149.CjwKCAjwxqX4BRBhEiwAYtJX7RkzAKZ2OoiBvruBuIdgdbN3lkIOz8xJzyqTVF4oFotk0SRi3uz9TRoCs34QAvD_BwE,1594664900,templates,unread
ProgressBar – React Spectrum,https://react-spectrum.adobe.com/react-spectrum/ProgressBar.html,1704728405,react,unread
DIY Electric Standing Desk – Everyday Knosticism,https://www.davidgunter.com/2020/07/23/diy-electric-standing-desk/,1689942734,diy,unread
Amazon Web Services Sign-In,https://us-east-2.signin.aws.amazon.com/oauth?SignatureVersion=4&X-Amz-Algorithm=AWS4-HMAC-SHA256&X-Amz-Credential=AKIAJAGUMTFT25MWTP6Q&X-Amz-Date=2020-07-24T13%3A12%3A53.297Z&X-Amz-Signature=0fef7142038c10eb94e1731b5e180b4ede861eeb15178714eb082ffa932d48f3&X-Amz-SignedHeaders=host&client_id=arn%3Aaws%3Aiam%3A%3A015428540659%3Auser%2Fec2&code_challenge=GIhRBEZVQOyou8pr0YjH1my-H7gUwMqcQmnddgPdlUE&code_challenge_method=SHA-256&redirect_uri=https%3A%2F%2Fus-east-2.console.aws.amazon.com%2Fec2%2Fv2%2Fhome%3Fregion%3Dus-east-2%26state%3DhashArgs%2523Instances%253Asort%253DinstanceId%26isauthcode%3Dtrue&region=us-east-2&response_type=code&state=hashArgs%23Instances%3Asort%3DinstanceId,1595854704,i9amazon,unread
Interview Prep Handbook,https://www.notion.so/Interview-Prep-Handbook-3303808f19aa46bcbe3fd1f04362322d,1596070505,interview,unread
Elo7 Tech - Microserviços e REST (sério?),https://elo7.dev/microservicos-rest/,1614099421,arquitetura,unread
Build a Web Application with OTP - ElixirCasts,https://elixircasts.io/series/otp-web-app,1614351398,elixir,unread
Servidor não encontrado,http://gitlab.prd.bancoamazonia.sa/amazonia-framework/amazonia-framework/wikis/M%C3%B3dulo-Frontend-Vue/04-Templates,1598027338,basa,unread
WPE - Google Drive,https://drive.google.com/drive/folders/1W0ET8GijeWMQtEEsVpraelVYExU7Hyo4,1598027345,basa,unread
NODE-MCU(ESP8266) WITH MQTT AND FIREBASE - Goldenmace IT Solutions,https://goldenmace.com/blog/labs/node-mcuesp8266-with-mqtt-and-firebase/,1606137249,iot,unread
Things I Wish I Knew Before Building a Ledger - by Andrios - Decimals Blog,https://decimals.substack.com/p/things-i-wish-i-knew-before-building,1625784608,arquitetura,unread
The Ultimate Digitalocean Dokku Deploy Guide (Rails & other environemnts). ,https://medium.com/@herowebdev1/the-ultimate-digitalocean-dokku-deploy-guide-rails-other-environemnts-d28110f3dc86,1599065801,rails,unread
40:54 min • Toggl Track,https://track.toggl.com/timer,1662221487,,unread
Learn CSS Centering,https://ishadeed.com/article/learn-css-centering/,1600702697,css,unread
boringproxy.io,https://boringproxy.io/,1656557580,iot,unread
Netflix Android and iOS Studio Apps — now powered by Kotlin Multiplatform |,https://netflixtechblog.com/netflix-android-and-ios-studio-apps-kotlin-multiplatform-d6d4d8d25d23,1681587178,mobile,unread
How to setup Sign in with Google using Keycloak | Keycloak Themes,https://keycloakthemes.com/blog/how-to-setup-sign-in-with-google-using-keycloak,1715738823,keycloak,unread
Getting Started — Pigeon v1.6.2,https://hexdocs.pm/pigeon/getting-started.html,1722530499,elixir,unread
What’s New In Vue 3? — Smashing Magazine,https://www.smashingmagazine.com/2020/11/new-vue3-update/,1605888237,vue3,unread
Why the Composition API - Vue 3 Composition API | Vue Mastery,https://www.vuemastery.com/courses/vue-3-essentials/why-the-composition-api/?ref=madewithvuejs.com,1605888244,vue3,unread
IOT Poderosa com NodeJS ESP32 - Fernando K Tecnologia,https://www.fernandok.com/2019/12/iot-poderosa-com-nodejs-esp32.html,1606056959,iot,unread
Internet Controlled LED Using NodeMCU : 6 Steps - Instructables,https://www.instructables.com/Internet-Controlled-LED-Using-NodeMCU/,1606056975,iot,unread
Getting Started With Relays : 7 Steps - Instructables,https://www.instructables.com/Getting-Started-With-Relays/,1606056986,iot,unread
GlitchTip | Installation Guide,https://glitchtip.com/documentation/install/,1708971645,arquitetura,unread
Metadata-Driven Development using Vue 3 | by Prasad Jayakumar | Vue.js Deve,https://medium.com/js-dojo/metadata-driven-development-using-vue-3-ec75f950fbce,1608640030,,unread
Integrating Zoom SDK into React Native - by Stefan Majiros | Medium,https://stefanmajiros.medium.com/how-to-integrate-zoom-sdk-into-react-native-47492d4e46a6,1612273583,react-native-hooks,unread
Social Network for Programmers and Developers,https://morioh.com/p/7c41c1bdd0fe,1609336440,react-native-hooks,unread
AWS Amplify and React Native: A tutorial - LogRocket Blog,https://blog.logrocket.com/aws-amplify-and-react-native-a-tutorial/,1617654113,react-native-hooks,unread
Tutorial — documentação django-pagseguro2 3.0.0,https://django-pagseguro-2.readthedocs.io/pt_BR/latest/tutorial.html#instalacao,1610555494,django,unread
Easily embed Responsive YouTube Videos with Tailwind CSS,https://www.themes.dev/blog/easily-embed-responsive-youtube-video-with-tailwind-css/,1625501001,css,unread
https://henriquebastos.nutror.com/curso/42cad07a3f806d7c7fdc57c937e9a15fef8eaf6d/welcome-to-the-django,https://henriquebastos.nutror.com/curso/42cad07a3f806d7c7fdc57c937e9a15fef8eaf6d/welcome-to-the-django,1611782216,wttd,unread
Programming Challenges,https://programming-challenges.jeremyjaydan.dev/,1612441725,challenges,unread
Still,https://stillstatic.io/,1614386357,elixir,unread
Why React developers should modularize their applications? | by Alexis Mang,https://alexmngn.medium.com/why-react-developers-should-modularize-their-applications-d26d381854c1,1660595091,react,unread
Criar um Blog com ButterCMS — Vue.js,https://br.vuejs.org/v2/cookbook/serverless-blog.html#Padroes-Alternativos,1614124011,vuejs,unread
Rosa Polaroid Stickerpop Festivo Aniversário Interativo Seu Story - Your St,https://www.canva.com/design/DAEXpHKhNw4/AdjeibEjH6evWV6cp47RdA/edit,1614725417,,unread
Towards Maintainable Elixir: Boundaries | by Saša Jurić | Very Big Things |,https://medium.com/very-big-things/towards-maintainable-elixir-boundaries-ba013c731c0a,1618856330,elixir,unread
How to write a React Component in TypeScript,https://kentcdodds.com/blog/how-to-write-a-react-component-in-typescript,1638993101,react,unread
A product's Vue 3 migration: A real life story,https://suade.org/dev/a-products-vue-3-migration-a-real-life-story/,1617024870,,unread
Vue JS 3 Composition API Reusable / Scalable Form Validation – A Complete G,https://www.softauthor.com/vue-js-3-composition-api-reusable-scalable-form-validation/,1617481956,vue3,unread
Capítulo 2 • Pare de reclamar,https://book.de-dev-a-tech-lead.techleadership.rocks/2-pare-de-reclamar.html,1617032969,arquitetura,unread
Button-Group | React - Geist UI,https://react.geist-ui.dev/en-us/components/button-group,1617038276,react,unread
Examples - OpenAI API,https://beta.openai.com/docs/examples/idea-generation,1617150574,open-ai,unread
How To Use React Native Over The Air Updates (OTA) - Pagepro,https://pagepro.co/blog/react-native-over-the-air-updates/,1648265064,react-native-hooks,unread
Secure APIs using API Keys - WSO2 API Manager Documentation 3.2.0,https://apim.docs.wso2.com/en/latest/learn/api-security/api-authentication/secure-apis-using-api-keys/,1617481919,,unread
Breaking GitHub Private Pages for $35k,https://robertchen.cc/blog/2021/04/03/github-pages-xss,1618856316,hacker,unread
Thread by @vponamariov on Thread Reader App – Thread Reader App,https://threadreaderapp.com/thread/1381584285300359169.html,1618350206,css,unread
Developing A Vue 3 Headless Component | Max Gfeller,https://www.maxgfeller.com/blog/vue-3-headless/,1618855996,vue3,unread
How To Make Your Own Custom React Native Templates (2021) - DEV Community ?,https://dev.to/roycechua/how-to-make-your-own-custom-react-native-templates-2021-20l5,1639743631,react-native-hooks,unread
Frontend Practice | Home,https://www.frontendpractice.com/,1620753521,frontend,unread
Introduction to MySQL replication - DEV Community,https://dev.to/tutelaris/introduction-to-mysql-replication-97c,1717240088,i9 arch,unread
Contribute to this book · GitBook,https://sttp.site/chapters/preface/contribute.html,1619717198,arquitetura,unread
Marx: uma introdução - Boitempo Editorial,https://www.boitempoeditorial.com.br/produto/marx-uma-introducao-1070,1675102991,comunismo,unread
How to Build WatermelonDB Sync Backend in Elixir | Fahri NH,https://fahri.id/posts/how-to-build-watermelondb-sync-backend-in-elixir/#whats-next-,1643998428,elixir,unread
Founding vs Inheriting • 1729,https://1729.com/founding-vs-inheriting/,1625791681,arquitetura,unread
Fone de Ouvido Bluetooth Elite 85h Jabra Azul - Fones de Ouvido | Casas Bah,https://www.casasbahia.com.br/fone-de-ouvido-bluetooth-elite-85h-jabra-azul-1504666786/p/1504666786?utm_medium=Cpc&utm_source=GP_PLA&IdSku=1504666786&idLojista=36029&utm_campaign=3P_acess%C3%B3rios-e-inova%C3%A7%C3%B5es_SSC&gclid=Cj0KCQjw--GFBhDeARIsACH_kdajjcrIJRlc7IZM-0CWxvVDwRMAs2R2vp5b-xrVaMfzecZ2ilotD4gaAgP3EALw_wcB,1622758836,compras,unread
Explicit ESM in Node.js with .mjs - DEV Community ?‍??‍?,https://dev.to/bnb/explicit-esm-in-node-js-with-mjs-3ooh,1624301015,javascript,unread
Fundamentos para a arquitetura de sistemas seguros / Capítulo 10 v 1.0 - Ma,https://arquiteturadesoftware.online/fundamentos-para-arquitetura-de-sistemas-seguros-capitulo-10-v-1-0/,1623793064,arquitetura,unread
TencentARC/GFPGAN: GFPGAN aims at developing Practical Algorithms for Real-,https://github.com/TencentARC/GFPGAN,1639674294,machine-learning,unread
Bootstrap Email Editor,https://app.bootstrapemail.com/editor,1633096705,email-templates,unread
Design de código: seu papel até hoje | Zup,https://www.zup.com.br/blog/design-de-codigo-seu-papel-ate-hoje,1625677419,arquitetura,unread
Login,https://ids-qa.valeglobal.net/nidp/app/login?sid=0&option=credential&id=gap,1626901749,vale,unread
Beating the L1 cache with value speculation,https://mazzo.li/posts/value-speculation.html,1720810087,arquitetura,unread
How to use RabbitMQ and Node.js with Docker and Docker-compose,https://geshan.com.np/blog/2021/07/rabbitmq-docker-nodejs/,1647642259,arquitetura,unread
Mobile Only Desktop BR,https://virtualapp.valeglobal.net/Citrix/ExternoWeb/clients/HTML5Client/src/SessionWindow.html?launchid=1627909536387,1627909801,citrix,unread
Implementing CodePush in React Native - LogRocket Blog,https://blog.logrocket.com/implementing-codepush-react-native/,1670349005,react,unread
GIT Co-Author Helper Script | dormant.ninja,https://www.dormant.ninja/git-co-author-script/,1655912618,git,unread
"Sofá Austin 2,22m Retrátil, Reclinável com Molas no Assento e Almofadas, Te",https://www.pontofrio.com.br/sofa-austin-222m-retratil-reclinavel-com-molas-no-assento-e-almofadas-tecido-suede-1500732122/p/1500732084?utm_medium=cpc&utm_source=GP_PLA&IdSku=1500732084&idLojista=31937&utm_campaign=apostas-3p_smart-shopping&gclid=CjwKCAjwmeiIBhA6EiwA-uaeFeaYpStilgqxPu6l4VmELzqtjHlJeaiFQKpwfHPCL56jdZG34dWryRoCZT4QAvD_BwE,1630013201,moveis,unread
"NextUI - Beautiful, fast and modern React UI Library",https://nextui.org/,1643834043,react,unread
Explicando optimistic locking - Maurício Linhares' ramblings,https://mauricio.github.io/2021/09/12/optimistic-locking-e-escrevendo-sql-na-mao.html,1631574258,arquitetura,unread
"iced-rs/iced: A cross-platform GUI library for Rust, inspired by Elm",https://github.com/iced-rs/iced,1646776570,browser-project,unread
Scalable Frontend – The Miners,https://blog.codeminer42.com/category/scalable-frontend/,1641479616,arquitetura,unread
Why We Killed Our End-to-End Test Suite - Building Nubank,https://building.nubank.com.br/why-we-killed-our-end-to-end-test-suite/,1721842359,arquitetura,unread
"How I wrote my own ""proper"" programming language",https://mukulrathi.com/create-your-own-programming-language/intro-to-compiler/,1704999469,arquitetura,unread
Use Docker to Deploy Your Elixir App Anywhere - StakNine,https://staknine.com/build-an-elixir-release-with-docker-to-deploy-anywhere/,1657651514,elixir,unread
The Invention of Zero: How Ancient Mesopotamia Created the Mathematical Con,https://www.themarginalian.org/2017/02/02/zero-robert-kaplan/,1720873265,curious,unread
Material Design 3,https://m3.material.io/,1639423773,design,unread
Authorization and Policy Scopes for Phoenix Apps | AppSignal Blog,https://blog.appsignal.com/2021/11/02/authorization-and-policy-scopes-for-phoenix-apps.html,1638539599,elixir,unread
View The Music Tracks You’ve Added to Downloads | Mubert Render,https://mubert.com/render/my-downloads,1701696063,ia,unread
React Native OTA update: How to deploy new version of your app in 1 minute?,https://dev.to/erdenezayaa/react-native-ota-update-how-to-deploy-new-version-of-in-1-minute-cfi,1648244105,react-native-hooks,unread
Guia de Estilos ? - TypeScript para Brasileiros ??,https://luisvonmuller.gitbook.io/typescript-para-brasileiros/,1648038724,javascript,unread
VoeGOL,https://b2c.voegol.com.br/minhas-viagens/encontrar-viagem,1673535748,,unread
Get the metrics information of KONG API in exporter of Prometheus(Others-Co,https://titanwolf.org/Network/Articles/Article?AID=db1ed3d9-dcfd-49eb-91cd-77111bcc4c83,1639404214,kong,unread
About Face: The Essentials of Interaction Design | Amazon.com.br,https://www.amazon.com.br/About-Face-Essentials-Interaction-Design/dp/1118766571/ref=sr_1_1?__mk_pt_BR=%C3%85M%C3%85%C5%BD%C3%95%C3%91&keywords=About+Face%3A+The+Essentials+of+Interaction+Design&qid=1639404379&sr=8-1&ufe=app_do%3Aamzn1.fos.4bddec23-2dcf-4403-8597-e1a02442043d,1639423752,design,unread
The User Experience Team of One: A Research and Design Survival Guide (Engl,https://www.amazon.com.br/User-Experience-Team-One-Research-ebook/dp/B00DUITE5Q/ref=sr_1_1?__mk_pt_BR=%C3%85M%C3%85%C5%BD%C3%95%C3%91&crid=2W0FBH7E55R6X&keywords=the+user+experience+team+of+one&qid=1639404359&sprefix=the+user+ex%2Caps%2C300&sr=8-1&ufe=app_do%3Aamzn1.fos.25548f35-0de7-44b3-b28e-0f56f3f96147,1639423765,design,unread
Como criar componentes React com uma arquitetura escalável usando Atomic De,https://medium.com/rd-shipit/como-criar-componentes-react-com-uma-arquitetura-escal%C3%A1vel-usando-atomic-design-74a67aaf47e0,1669822136,frontend,unread
RNR 222 - The New Architecture with Kevin Gozali from the RN core team | Re,https://reactnativeradio.com/episodes/rnr-222-the-new-architecture-with-kevin-gozali-from-the-rn-core-team,1642106643,rn-nova-arquitetura,unread
React Native's upcoming re‑architecture | collective:mind | DEV,https://collectivemind.dev/blog/react-native-re-architecture,1642106658,rn-nova-arquitetura,unread
The complete guide to System Design in 2022,https://www.educative.io/blog/complete-guide-to-system-design,1668731529,desing,unread
The ultimate guide to developing a Whitelabel in React Native | by Francis ,https://medium.com/@francistec/the-ultimate-guide-to-developing-a-whitelabel-in-react-native-269b56b20438,1641566740,whitelabel,unread
Building Infrastructure Platforms,https://martinfowler.com/articles/building-infrastructure-platform.html,1645475477,arquitetura,unread
Here’s a Git Branching Strategy for Better Team Collaboration | by Tapas Da,https://betterprogramming.pub/git-branching-strategy-for-better-team-collaboration-aacb5f235d05,1649104530,git,unread
Using docker to build nestjs and Mongo development environment - 编程知识,https://cdmana.com/2021/08/20210804175044788x.html,1647267167,node,unread
Stripe Checkout with Phoenix LiveView · stibbard.io,https://www.stibbard.io/learning/elixir-phoenix-stripe-checkout,1643829184,elixir,unread
Handling any POST data in Express,https://codex.so/handling-any-post-data-in-express,1691595569,,unread
React Native implementation for Zendesk Chat using WebView & Modal componen,https://gist.github.com/hetmann/bda29c335da8bb51f8e2e2d520edf3b6,1644006075,react-native-hooks,unread
Figma Illustrations | Figma Elements,https://figmaelements.com/utilities/illustrations,1647632433,design,unread
Client get SSL internal error · Issue #5748 · Kong/kong,https://github.com/Kong/kong/issues/5748,1645034302,kong,unread
Brasil Fit Suplementos | Sua evolução é nossa prioridade - Creatina Monohid,https://www.brasilfitsuplementos.com.br/produto/creatina-monohidratada-150g/1005,1646323038,suplementos,unread
Cracking the Coding Interview: 189 Programming Questions and Solutions | Ga,https://pt.br1lib.org/book/2724521/e40923,1646325302,livros,unread
Bootcamp React.js - B. Academy,https://fdaciuk.notion.site/Bootcamp-React-js-B-Academy-04beed6c0dda4b79a28709b0f4cf6042,1677065427,react,unread
How to add Subtitles in Davinci Resolve | Amberscript,https://www.amberscript.com/en/blog/add-subtitles-in-davinci-resolve/,1678501789,,unread
"Flutter is better than React Native* | by Jamon Holmgren | Mar, 2022 | Red ",https://shift.infinite.red/flutter-is-better-than-react-native-fed10c92a768,1647363890,react,unread
Creating a workout tracking app with React Native and Fauna - DEV Community,https://dev.to/wernancheta/creating-a-workout-tracking-app-with-react-native-and-fauna-5dbo,1648244230,react-native-hooks,unread
DevOps Continuous Delivery Tutorials | Atlassian,https://www.atlassian.com/devops/continuous-delivery-tutorials,1649104522,git,unread
Architecture Notes — System Design & Software Architectures Explained,https://architecturenotes.co/,1660315503,,unread
Software Engineering at Google,https://abseil.io/resources/swe-book/html/ch01.html,1715867581,arquitetura,unread
Soft deletion with PostgreSQL: but with logic on the database!—Martian Chro,https://evilmartians.com/chronicles/soft-deletion-with-postgresql-but-with-logic-on-the-database,1723214466,elixir,unread
"Neon — Serverless, Fault-Tolerant, Branchable Postgres",https://neon.tech/,1700593363,backend,unread
Email – Iago Cavalcante – Outlook,https://outlook.office.com/mail/inbox/id/AAQkADYxMTc4ZWJkLTBmY2QtNDUzMC05YzBiLTFlN2Q1OThhMDEwNgAQAMrCElRn9M1ClqJ1hYYTteg%3D,1654895388,,unread
Checkout - Ingresso.com,https://carrinho.ingresso.com/checkout/?_ga=2.241382530.1655095575.1657458100-1032571056.1657458100#/confirmado/62caf8e476651e0a7c84150d,1657469558,,unread
Brute Force - CheatSheet | HackTricks | HackTricks,https://book.hacktricks.xyz/generic-methodologies-and-resources/brute-force#jwt,1713482277,security,unread
"android - Massive hprof files being created somehow, preventing me from pus",https://stackoverflow.com/questions/33398918/massive-hprof-files-being-created-somehow-preventing-me-from-pushing,1660068481,git,unread
How to install Erlang and Elixir on macOS with Apple M1 Chip — DevHeroes,https://devheroes.io/en/erlang-elixir-macos-m1/,1692121441,elixir,unread
QR codes | Dan Hollick ??,https://typefully.com/DanHollick/qr-codes-T7tLlNi?ref=sidebar,1664400077,arquitetura,unread
API REST — Documentação CPQD Transcrição de Diálogos 3.7.0,https://speechweb.cpqd.com.br/trd/docs/3.7.0/api_rest/index.html,1665068665,,unread
"Capítulo 4: Consistência, Consistência Eventual e Teorema CAP | by Tania St",https://medium.com/@tanstorm/cap%C3%ADtulo-4-consist%C3%AAncia-consist%C3%AAncia-eventual-e-teorema-cap-cf0c0a23ad4c,1673034687,arquitetura,unread
Modelando APIs com a OpenAPI Specification - Speaker Deck,https://speakerdeck.com/marcelgsantos/modelando-apis-com-a-openapi-specification?slide=18,1665492160,arquitetura,unread
Procurement (AMIT),http://localhost:8080/companies/4,1666033213,,unread
Modular architecture for medium frontend apps,https://greenonsoftware.com/articles/architecture/modular-architecture-for-medium-frontend-apps/,1696370081,frontend,unread
Email – Iago Cavalcante – Outlook,https://outlook.office.com/mail/id/AAQkADYxMTc4ZWJkLTBmY2QtNDUzMC05YzBiLTFlN2Q1OThhMDEwNgAQANZDSXjP53hFm3erw7akDlA%3D,1667843828,,unread
My Salary Increased 13 Times in 5 Years — Here Is How I Did It | by Sunil K,https://javascript.plainenglish.io/my-salary-increased-13-times-in-5-years-here-is-how-i-did-it-bb3a2a945037,1669819548,,unread
Upgrading to Phoenix 1.7 - ElixirCasts,https://elixircasts.io/upgrading-to-phoenix-1.7,1679017600,,unread
Obras de Isócrates - Clássicos Literários,https://classicosliterarios.com/isocrates.html,1725285482,filosofia,unread
LiveMotion - Examples,https://livemotion.benvp.co/,1677697808,,unread
Laser Tech,https://www.lasertechdistribuidora.com.br/,1683341041,varejo,unread
Heroku Database Connection Calculator,https://judoscale.com/heroku-postgresql-connection-calculator/,1673476901,infra,unread
Meet - Billy Demo,https://meet.google.com/gve-whgx-hoj?authuser=1,1673995143,,unread
Building a Remote Control Car from Scratch Using Elixir - Erlang Solutions,https://www.erlang-solutions.com/blog/building-a-remote-control-car-from-scratch-using-elixir/?utm_medium=email&utm_source=elixir-radar,1719839045,elixir,unread
Passagem aérea econômica: Belém BEL > Campo Grande CGR em 05/08,https://www.maxmilhas.com.br/busca-passagens-aereas/RT/BEL/CGR/2023-08-05/2023-08-26/2/1/0/EC,1674529736,,unread
Is software getting worse? - Stack Overflow Blog,https://stackoverflow.blog/2023/01/30/is-software-getting-worse/,1676051579,arquitetura,unread
Creating a Toggle Button in LiveView - YouTube,https://www.youtube.com/watch?v=vBgZvQapqhs,1677099235,,unread
Phx_gen_auth with invite-only applications - Phoenix Forum / Questions / He,https://elixirforum.com/t/phx-gen-auth-with-invite-only-applications/33497/3,1676136531,elixir,unread
Listen to Database Changes with Postgres Triggers and Elixir,https://www.peterullrich.com/listen-to-database-changes-with-postgres-triggers-and-elixir,1676312872,postgres,unread
"OrbStack · Fast, light, simple Docker & Linux on macOS",https://orbstack.dev/,1712268595,infra,unread
AI Image Generation | Leonardo.Ai,https://app.leonardo.ai/ai-generations,1701696055,ia,unread
Placas | Franzininho,https://franzininho.com.br/projeto/placas,1708531715,iot,unread
Using Bloom filters to reduce database queries in Node.js applications - Vi,https://blog.viswiz.io/article/using-bloom-filters-to-reduce-db-queries-in-nodejs-applications,1677065931,,unread
Chat Bubbles Recorder,https://chat-bubbles.craftz.dog/,1677072564,react,unread
Impressora 3D Ender 3 V2 Neo - 3D Lab,https://3dlab.com.br/produto/impressora-3d-ender-3-v2-neo/,1677260732,impressora-3d,unread
Talysson de Oliveira Cassiano (@talyssonoc) on Speaker Deck,https://speakerdeck.com/talyssonoc,1677273096,frontend,unread
"Clean code, de Avril Lavigne a batatas - DEV Community",https://dev.to/fabiodeandrade/clean-code-de-avril-lavigne-a-batatas-3c9m,1677634990,,unread
? LiveMotion - High performance animations for Phoenix LiveView - Your Libr,https://elixirforum.com/t/livemotion-high-performance-animations-for-phoenix-liveview/47165/11,1677766226,,unread
Scaling up the Prime Video audio/video monitoring service and reducing cost,https://www.primevideotech.com/video-streaming/scaling-up-the-prime-video-audio-video-monitoring-service-and-reducing-costs-by-90,1683772787,arquitetura,unread
I asked this system design question to 3 guys during a developer interview ,https://iorilan.medium.com/i-asked-this-system-design-question-to-3-guys-during-a-developer-interview-and-none-of-them-gave-9c23abe45687,1685042517,arquitetura,unread
Noar,https://www.noarcloud.com/,1701569599,cloud,unread
Casa & Cozinha – Utimix Importadora,https://www.utimix.com/categoria/casa-cozinha/,1681136703,varejo,unread
How to build MySQL CDC Pipeline to Lake in Minutes | Upsolver,https://www.upsolver.com/blog/how-to-replicate-mysql-tables-to-your-data-lake-using-cdc,1715375297,arquitetura,unread
Repo.transact/2 (The Case Against Ecto.Multi) |> Tom Konidas,https://tomkonidas.com/repo-transact/,1682966803,elixir,unread
Mojo ?: Programming language for all of AI,https://www.modular.com/mojo,1689603452,open-ai,unread
Self host Plausible with Fly,https://blog.liallen.me/self-host-plausible-with-fly,1694803986,elixir,unread
"cintia pinto aquino rego on Twitter: ""meu Deus quem foi o MALUCO que encome",https://twitter.com/anatcll/status/1655594174379438081,1683653002,,unread
Ask HN: Who is hiring? (July 2023) | Hacker News,https://news.ycombinator.com/item?id=36573871,1690913031,jobs,unread
Ask HN: Who wants to be hired? (July 2023) | Hacker News,https://news.ycombinator.com/item?id=36573869,1690913039,jobs,unread
upper-337e.vercel.app/invites,https://upper-337e.vercel.app/invites,1689372228,,unread
About the security content of iOS 16.2 and iPadOS 16.2 - Apple Support (KE),https://support.apple.com/en-ke/HT213530,1689797014,apple,unread
De um mimo até a elevação de privilégios na Cloud - DEV Community,https://dev.to/bolhasec/de-um-mimo-ate-a-elevacao-de-privilegios-na-cloud-2m5c,1690554998,security,unread
Idea To Impact - by Kent Beck,https://tidyfirst.substack.com/p/idea-to-impact,1691584695,arquitetura,unread
Scroll-Driven Animations and View Transitions (2023.06.09 @ CSS Day) – Bram,https://www.bram.us/2023/08/07/scroll-driven-animations-and-view-transitions-2023-06-09-css-day/,1691441219,frontend,unread
Planning for ERP MVP development,https://www.notion.so/Planning-for-ERP-MVP-development-395c137f53d448ae8cb82ac7ac25d91f,1691879067,,unread
Como eu consegui emprego 1 dia após sair da empresa anterior usando técnica,https://www.tabnews.com.br/bernardosimonassi/como-eu-consegui-emprego-1-dia-apos-sair-da-empresa-anterior-usando-tecnicas-de-venda,1700228804,jobs,unread
"Lisboa, Portugal - YouTube",https://www.youtube.com/watch?v=QDm7YTqcZ3o,1693828864,,unread
Legendas.net - From: From.S02E10.WEB.x264-FENiX-EDITH.x265-T0PAZ-MiNX-PSA,https://www.legendas.net/tv_legenda?movie_id=124364&legenda_id=1112,1694518143,subtitles,unread
Instant local-first - ElectricSQL,https://electric-sql.com/docs/intro/local-first,1699027911,elixir,unread
WebAuthnLiveComponent - Passwordless Auth for LiveView Apps - Your Librarie,https://elixirforum.com/t/webauthnlivecomponent-passwordless-auth-for-liveview-apps/49941/37,1696943323,elixir,unread
Elixir and Phoenix can do it all! · The Phoenix Files,https://fly.io/phoenix-files/elixir-and-phoenix-can-do-it-all/,1716553155,elixir,unread
Elayne Farias (@nutrielayne) • Instagram photos and videos,https://www.instagram.com/p/CyUF7YeOqZL/?img_index=1,1698348800,,unread
Overview of React.js,https://www.patterns.dev/react,1721152076,frontend,unread
Setting Up a Multi-tenant Phoenix App for Elixir | AppSignal Blog,https://blog.appsignal.com/2023/11/21/setting-up-a-multi-tenant-phoenix-app-for-elixir.html,1741879022,elixir,unread
CSSBuy: Taobao Agent | The best shopping agent in China | Buy from 1688.com,https://www.cssbuy.com/user.php?action=useractive,1701276493,sales,unread
Draw to App,https://draw-to-app.flutterflow.app/,1712244143,ia tools,unread
Getting Started | Syncpack,https://jamiemason.github.io/syncpack/guide/getting-started/,1715183943,frontend,unread
Runway,https://app.runwayml.com/video-tools/teams/iagocavalcante/ai-tools/gen-2,1701696036,ia,unread
Overview - SparkToro,https://sparktoro.com/product/search/overview?keyword=lofi%20code&type=keyword,1701980418,ia tools,unread
ProseKit | ProseKit,https://prosekit.dev/,1702411580,frontend,unread
fabio soares python - Google Search,https://www.google.com/search?q=fabio+soares+python&oq=fabio+soares+python&gs_lcrp=EgZjaHJvbWUyBggAEEUYOTIKCAEQABiABBiiBDIKCAIQABiABBiiBDIKCAMQABiABBiiBDIKCAQQABiABBiiBNIBCDYyNjRqMGo3qAIAsAIA&sourceid=chrome&ie=UTF-8,1703770519,,unread
"Remote Jobs in Programming, Support, Design and more",https://remotive.com/?locations=Brazil,1704211902,jobs,unread
How to Create the Ultimate Software Engineer Resume,https://x-team.com/blog/ultimate-software-engineer-resume/,1711058703,,unread
"Clips For You ? on X: ""? https://t.co/MvMepdPBs8"" / X",https://twitter.com/ForYouClips/status/1749882331496612126,1706106108,,unread
Thiago Ramos - What is GenStage and How to use GenStage to Consumer Twitter,https://thiagoramos.me/articles/using-genstage-to-consume-twitter-api?utm_source=elixir-merge,1708108669,elixir,unread
JAPU,https://app.japu.app.br/#/orcamentos,1707752218,,unread
Persistent session data in Phoenix LiveView – The Pug Automatic,https://thepugautomatic.com/2020/05/persistent-session-data-in-phoenix-liveview/?utm_source=elixir-merge,1708108416,elixir,unread
Speed Up Your Elixir Testing with Custom Tasks and Key Bindings in Visual S,https://solnic.dev/speed-up-your-elixir-testing-with-custom-tasks-and-key-bindings-in-visual-studio-code?utm_source=elixir-merge,1709237239,elixir,unread
An Open Source Medium Like WYSIWYG Editor | by David Dal Busco | Level Up C,https://levelup.gitconnected.com/an-open-source-medium-like-wysiwyg-editor-1258d3efdf92,1709680083,,unread
InovAtiva | Trilhas | Marketing,https://plataforma.inovativa.online/academy/curso/9/41/53/84/gestao-de-marketplaces/modulo-1-novos-modelos-de-consumo/videoaula-2-gestao-de-marketplaces,1710258888,empreendedorismo,unread
Learn Elixir | Safer Error Systems In Elixir,https://learn-elixir.dev/blogs/safer-error-systems-in-elixir?utm_source=elixir-merge,1710451545,elixir,unread
Nx / Axon - CUDA support - Questions / Help - Elixir Programming Language F,https://elixirforum.com/t/nx-axon-cuda-support/47385/2,1710340708,ia,unread
Thinking Elixir Podcast 193: Operational Elixir: Observing the Midsize Madn,https://podcast.thinkingelixir.com/193?utm_source=elixir-merge,1710451557,elixir,unread
Lexin Gong - Creating Custom Stickers/Avatars from Your Webcam - Part 1,https://gonglexin.com/posts/poker-face-part-1?utm_source=elixir-merge,1710535992,elixir,unread
Keycloak Administration UI,https://i9-sso-test.fly.dev/admin/master/console/#/master/realm-settings,1710851162,,unread
@shikijs/cli | Shiki,https://shiki.style/packages/cli,1711044224,css,unread
Continuous Deployment with GitLab · The Fly Blog,https://fly.io/blog/continuous-deployment-with-gitlab/#configuring-for-fly,1711044239,devops,unread
Easy empty states for Phoenix LiveView streams using Tailwind · Phoenix on ,https://phoenixonrails.com/blog/easy-empty-states-for-phoenix-liveview-streams-using-tailwind?utm_source=elixir-merge,1711469106,elixir,unread
Dashboard | Buy Me a Coffee,https://studio.buymeacoffee.com/dashboard,1711891258,,unread
Why choose async/await over threads? – notgull – The world's number one sou,https://notgull.net/why-not-threads/,1711469146,arquitetura,unread
Elixir Machine Learning: Using Pre-trained ONNX Models with Ortex,https://dockyard.com/blog/2024/03/19/elixir-machine-learning-pre-trained-onnx-models-with-ortex?utm_source=elixir-merge,1711469124,elixir,unread
Livebook: Elixir's Swiss Army Knife,https://www.thestackcanary.com/elixirs-secret-weapon/?utm_source=elixir-merge,1711647359,elixir,unread
Optimum BH - Optimum Elixir CI with GitHub Actions,https://optimum.ba/blog/optimum-elixir-ci-with-github-actions?utm_source=elixir-merge,1711725690,elixir,unread
Technologist vs spy: the xz backdoor debate,https://lcamtuf.substack.com/p/technologist-vs-spy-the-xz-backdoor,1711892705,security,unread
LiveView is best with Svelte,https://blog.sequin.io/liveview-is-best-with-svelte/,1712615011,elixir,unread
Req API Client Testing - Dashbit Blog,https://dashbit.co/blog/req-api-client-testing,1712085566,elixir,unread
How can I use ffmpeg on fly.io? - General - Fly.io,https://community.fly.io/t/how-can-i-use-ffmpeg-on-fly-io/4366,1712087183,elixir,unread
Live Logs: for api-desktop · Fly,https://fly.io/apps/api-desktop/monitoring,1712087496,,unread
How to Use Flume in your Elixir Application | AppSignal Blog,https://blog.appsignal.com/2024/04/02/how-to-use-flume-in-your-elixir-app.html?utm_source=elixir-merge,1712154765,elixir,unread
Go Cahoots for once — Homepage of Marcin Koziej,https://cahoots.pl/#Phoenix%20auth%20in%202024%3A%20provider%20auth,1715298658,elixir,unread
Meu &quot;Netflix Pessoal&quot; com Docker Compose | AkitaOnRails.com,https://www.akitaonrails.com/2024/04/03/meu-netflix-pessoal-com-docker-compose,1716912682,diy,unread
Navegador web Google Chrome,https://www.google.com/chrome/next-steps.html?brand=WHAR&statcb=0&installdataindex=empty&defaultbrowser=0,1712490503,,unread
Facing the Monster: An Analgesic for Relayphobia - DEV Community,https://dev.to/mauvieira/facing-the-monster-an-analgesic-for-relayphobia-34g9,1712688954,relay,unread
Easy at-home AI with Bumblebee and Fly GPUs · The Phoenix Files,https://fly.io/phoenix-files/easy-at-home-ai-with-bumblebee-and-fly-gpus/?utm_source=elixir-merge,1712688803,elixir,unread
"Construindo um web server em Assembly x86, parte I, introdução - DEV Commun",https://dev.to/leandronsp/construindo-um-web-server-em-assembly-x86-parte-i-introducao-14p5,1712688944,arquitetura,unread
Resolving zsh bus error with erlang/elixir on Mac Sonoma with asdf,https://gaiety.life/tils/mac_sonoma_zsh_asdf_erlang_elixir/,1712757771,elixir,unread
Dan Schultzer: Development helpers in Elixir,https://danschultzer.com/posts/development-helpers-in-elixir?utm_source=elixir-merge,1713275294,elixir,unread
Mastering CQRS and Event Sourcing in Elixir with Commanded | Curiosum,https://curiosum.com/blog/segregate-responsibilities-with-elixir-commanded?utm_source=elixir-merge,1714047686,elixir,unread
Handle Phoenix Exceptions gracefully,https://peterullrich.com/handle-phoenix-exceptions-gracefully?utm_source=elixir-merge,1713455415,elixir,unread
How to handle file upload using Trix editor in a Phoenix application,https://blog.jasonkaniekete.fr/how-to-handle-file-uploads-using-trix-editor-in-a-phoenix-application/?utm_source=elixir-merge,1713455422,elixir,unread
How to Generate a PDF on a Page Behind Auth in Elixir - John Elm Labs,https://johnelmlabs.com/posts/pdf-behind-authentication?utm_source=elixir-merge,1713533091,elixir,unread
"Fast Full-text Search with PGroonga, Postgres, and Elixir",https://indiecourses.com/blog/full-text-search-with-pgroonga-and-postgres?utm_source=elixir-merge,1713533105,elixir,unread
Elixir Streams |> 2 Helpers to Keep Your Pipelines Flowing! ?,https://www.elixirstreams.com/tips/tap-and-then-helpers?utm_source=elixir-merge,1713886062,elixir,unread
Building Bluesky: a Distributed Social Network (Real-World Engineering Challenges),https://newsletter.pragmaticengineer.com/p/bluesky,1738940051,arquitetura,unread
Technical Coherence | Jack Danger,https://jackdanger.com/technical-coherence/,1720714666,arquitetura,unread
Sign in to Keycloak,https://i9-sso-test.fly.dev/realms/master/login-actions/authenticate?execution=9c334987-5ec0-4d21-9f5d-b42490042376&client_id=security-admin-console&tab_id=VBzm5p0KMLM,1714078249,,unread
"DIY - Alexa Curtain Control System - (3D Printable, Echo, Adafruit Feather ",https://www.youtube.com/watch?v=JtYdPwO65WI&t=425,1714999170,diy,unread
Boilerplate Busting in Functional Languages | Lambda Land,https://lambdaland.org/posts/2024-05-01_definitely_not_about_monads/?utm_source=elixir-merge,1715625460,elixir,unread
Implementing Google Authentication in a LiveView Application · Chris Gregor,https://www.chriis.dev/opinion/implementing-google-authentication-in-a-liveview-application?utm_source=elixir-merge,1715631168,elixir,unread
Least Privilege And Elixir Ecto « Onor.io,https://onor.io/2024/05/07/least-privilege-and-elixir-ecto/?utm_source=elixir-merge,1715625452,elixir,unread
Live Logs for i9-empresa-api · Fly,https://fly.io/apps/i9-empresa-api/monitoring,1715655625,,unread
Simple OBS Client in Elixir · (ノ°Д°）ノ︵ ┻━┻,https://erick.navarro.io/blog/simple-obs-client-in-elixir/?utm_source=elixir-merge,1716497355,elixir,unread
Theming options | Vue Tailwind Datepicker,https://vue-tailwind-datepicker.com/theming-options.html,1715980645,vue3,unread
Bare Websockets | Benjamin Milde,https://kobrakai.de/kolumne/bare-websockets?utm_source=elixir-merge,1716308471,elixir,unread
"Underjord | Chatting, Sharing (& Shots) in Chattanooga - GigCity 2024 repor",https://underjord.io/chattanooga-gigcityelixir-nervesconf-2024.html?utm_source=elixir-merge,1716988832,elixir,unread
Elixir Streams |> Richer domain types with Ecto custom types,https://www.elixirstreams.com/tips/richer-domain-types-with-ecto-custom-types?utm_source=elixir-merge,1716553878,elixir,unread
Making my dumb A/C smart with Elixir and Nerves,https://www.milanvit.net/post/making-my-dumb-a-c-smart-with-elixir-and-nerves/?utm_source=elixir-merge,1716988826,elixir,unread
Live Logs for api-desktop-prod · Fly,https://fly.io/apps/api-desktop-prod/monitoring,1716986573,,unread
Underjord | The Future Stack,https://underjord.io/the-future-stack.html?utm_source=elixir-merge,1716988802,elixir,unread
Elixir Streams |> Erlang ❤️ JSON,https://www.elixirstreams.com/tips/erlang-new-json-module?utm_source=elixir-merge,1716988808,elixir,unread
Vitess MySQL - by Neo Kim - The System Design Newsletter,https://newsletter.systemdesign.one/p/vitess-mysql,1737893814,i9 arch|arquitetura,unread
Contas Mozilla,https://accounts.firefox.com/settings?deviceId=2a499fe901a9415390d1758fa7a89233&flowBeginTime=1717183663284&flowId=7b5ca80e0fbd4c8fac4dd52865cb87f0a8464ddc8e282744e1e1ab50eb3ab9ac&broker=web&context=web&isSampledUser=false&service=none&uniqueUserId=674a0c61-c5c7-41ac-8d2b-1768c603427a#data-collection,1717183691,,unread
Modeling Systems With Actors | eigr.io,https://eigr.io/blog/modeling-systems-with-actors/?utm_source=elixir-merge,1718025915,elixir,unread
Snowflake at centre of world’s largest data breach | by Kevin Beaumont | Ju,https://doublepulsar.com/snowflake-at-central-of-worlds-largest-data-breach-939fc400912e,1717593162,security,unread
Optimum BH - Feature preview (PR review) apps on Fly.io,https://optimum.ba/blog/feature-preview-pr-review-apps-on-fly-io?utm_source=elixir-merge,1718026003,elixir,unread
Introducing ExVision. TL; DR We’re releasing a new library… | by Daniel Jod,https://blog.swmansion.com/introducing-exvision-ebf799bef1b2,1720714895,elixir,unread
Optimum BH - Zero downtime deployments with Fly.io,https://optimum.ba/blog/zero-downtime-deployments-with-fly-io?utm_source=elixir-merge,1719332844,elixir,unread
How Stripe’s document databases supported 99.999% uptime with zero-downtime,https://stripe.com/blog/how-stripes-document-databases-supported-99.999-uptime-with-zero-downtime-data-migrations,1718117344,arquitetura,unread
Web apps have client and server state (plus realtime and LiveView) - Dashbi,https://dashbit.co/blog/web-apps-have-client-and-server-state,1718143230,elixir,unread
Seu código de verificação,https://app.hey.com/topics/1333823972,1717868347,,unread
Architectural Trade-Offs: the Art of Minimizing Unhappiness - InfoQ,https://www.infoq.com/articles/trade-offs-minimizing-unhappiness/?topicPageSponsorship=036fd73d-405a-4ec4-af29-459da06755ce,1718039873,arquitetura,unread
Early Returns in Elixir – Clivern,https://clivern.com/early-returns-in-elixir/?utm_source=elixir-merge,1718110420,elixir,unread
Advanced Dependency Injection in Elixir with Rewire | AppSignal Blog,https://blog.appsignal.com/2024/06/11/advanced-dependency-injection-in-elixir-with-rewire.html?utm_source=elixir-merge,1718648909,elixir,unread
An end-to-end ES/CQRS example with EventStoreDB and Phoenix/LiveView - Hugo,https://kurtov.pro/blog/2024/06/an-end-to-end-es/cqrs-example-with-eventstoredb-and-phoenix/liveview/?utm_source=elixir-merge,1718648903,elixir,unread
BEAM Mignon | BEAM Mignon,https://beam-mignon.netlify.app/,1718319030,elixir,unread
Elixir Machine Learning: Training Models in Axon is Getting Better,https://dockyard.com/blog/2024/06/13/elixir-machine-learning-training-models-in-axon-is-getting-better?utm_source=elixir-merge,1718646709,elixir,unread
A RAG for Elixir | bitcrowd blog,https://bitcrowd.dev/a-rag-for-elixir/?utm_source=elixir-merge,1718646735,elixir,unread
Metaprogramming Pitfalls | Benjamin Milde,https://kobrakai.de/kolumne/unquote?utm_source=elixir-merge,1718646741,elixir,unread
Self-managed monitoring and alerting on Fly.io with Prometheus   Alertmanag,https://community.fly.io/t/self-managed-monitoring-and-alerting-on-fly-io-with-prometheus-alertmanager/19841,1718638172,elixir,unread
Let's write a video game from scratch like it's 1987,https://gaultier.github.io/blog/write_a_video_game_from_scratch_like_1987.html,1719232360,arquitetura,unread
Introdução ao Capítulo - EW Academy,https://play.ewacademy.com.br/area/produto/item/2943840,1719070378,,unread
A Better Solution for Waiting for Async Tasks in Tests,https://dockyard.com/blog/2024/06/06/a-better-solution-for-waiting-for-async-tasks-in-tests?utm_source=elixir-merge,1719240188,elixir,unread
Let Your Database Update You with EctoWatch,https://www.erlang-solutions.com/blog/let-your-database-update-you-with-ectowatch/?utm_source=substack&utm_medium=email,1719845761,elixir,unread
Improving upserts in Ecto and PostgreSQL | katafrakt's garden,https://katafrakt.me/2024/06/04/improving-upserts-ecto-postgresql/?utm_source=elixir-merge,1720206627,elixir,unread
Why we exist · Resend,https://resend.com/handbook/company/why-we-exist,1720805627,startup,unread
System Design - CQRS (Command Query Responsability Segregation) | Matheus F,https://fidelissauro.dev/cqrs/,1720714701,arquitetura,unread
Retrieval Augmented Generation: What It Is and How to Start Using It,https://dockyard.com/blog/2024/05/16/retrieval-augmented-generation-what-it-is-how-to-use-it?utm_source=elixir-merge,1720714921,elixir,unread
DNS / Nameservers | Hostinger,https://hpanel.hostinger.com/domain/chathps.com.br/dns,1721058539,,unread
How Reddit Serves 100K Metadata Requests Per Second,https://newsletter.systemdesigncodex.com/p/how-reddit-serves-100k-metadata-requests,1724090080,arquitetura,unread
TIL: Using Web Workers with Phoenix Liveview,https://samrat.me/til-using-web-workers-with-phoenix-liveview/?utm_source=elixir-merge,1722535110,elixir,unread
Retrieval-Augmented Generation (RAG) with Elixir | Shap Bytes,https://shapath.com.np/posts/beginning-rag-elixir/?utm_source=elixir-merge,1722610344,elixir,unread
How to update multiple records with different values in Ecto.Repo.update_al,https://geekmonkey.org/updating-multiple-records-with-different-values-in-ecto-repo-update_all/,1724720690,elixir,unread
https://t.co/3mUm41SSD6,https://t.co/3mUm41SSD6,1723334933,,unread
Unbreakable REST APIs: desenhando e implementando APIs robustas e previsíve,https://speakerdeck.com/rponte/unbreakble-rest-apis-desenhando-e-implementando-apis-robustas-e-previsiveis-com-fail-fast-e-idempotency,1724090620,arquitetura,unread
Building an Elixir powered WordPress plugin with LiveState,https://launchscout.com/blog/elixir-wordpress-plugin?utm_source=elixir-merge,1724858090,elixir,unread
AI-Powered Gym App - v0 by Vercel,https://v0.dev/chat/OlEvCHbOe-a,1724862127,,unread
References: Deep Learning State of the Art (2020) - Google Sheets,https://docs.google.com/spreadsheets/d/1fG-K0MwoQ4y0p_9bpMsF1ERlBMbmgtqW06nbMgtIX20/edit?folder=0ABm40ig4NWpDUk9PVA&pli=1&gid=0#gid=0,1725582532,computacional-inteligence,unread
jsfxr - 8 bit sound maker and online sfx generator,https://sfxr.me/,1726071216,gamedev,unread
Nomad Sculpt,https://nomadsculpt.com/,1726071226,impressora-3d,unread
https://expo.dev/artifacts/eas/26E8Usx5R74AuYbLckDw8S.apk,https://expo.dev/artifacts/eas/26E8Usx5R74AuYbLckDw8S.apk,1726187903,,unread
Scaling Your Phoenix App in Elixir with FLAME | AppSignal Blog,https://blog.appsignal.com/2024/09/03/scaling-your-phoenix-app-in-elixir-with-flame.html?utm_source=elixir-merge,1726676044,elixir,unread
"Richard Clayton - Speaking Intelligently about ""Java vs Node"" Performance",https://rclayton.silvrback.com/speaking-intelligently-about-java-vs-node-performance,1726702073,arquitetura,unread
Stop using SERIAL in Postgres — Naiyer Asif,https://www.naiyerasif.com/post/2024/09/04/stop-using-serial-in-postgres/,1728914969,bd|arquitetura,unread
React Native App with Apple Watch & Widget Support | by Kunjal Soni | Simform Engineering | Medium,https://medium.com/simform-engineering/react-native-app-with-apple-watch-widget-support-9daef5e131d7,1727109698,mobile,unread
Neo Geo / NGCD - Metal Slug 3 - Fiolina Germi - The Spriters Resource,https://www.spriters-resource.com/neo_geo_ngcd/ms3/sheet/36308/?source=genre,1727122742,gamedev,unread
Dica de carreira: crie um brag document,https://eltonminetto.dev/post/2022-04-14-brag-document/,1727541231,carreira,unread
Deploying Phoenix application with Kamal 2 – Patrício dos Santos,https://blog.psantos.dev/deploying-phoenix-application-with-kamal-2/,1727808351,elixir,unread
PGlite,https://pglite.dev/,1727895887,arquitetura,unread
Tamagui UI | Tamagui — style library and UI kit for React,https://tamagui.dev/ui/intro?subpath=intro,1728647386,react-native,unread
Keycloak Administration UI,https://sso-hom.i9amazon.com.br/admin/master/console/#/master/users/e9c7ef49-bcbb-40e5-8a3f-d4172bda21e6/settings,1728940745,,unread
Cursos concluídos | School of Net,https://www.schoolofnet.com/cursos-concluidos/,1729622644,,unread
"Catching Up: Where are Nx, Axon, and Bumblebee Headed?",https://dockyard.com/blog/2024/08/20/where-are-nx-axon-bumblebee-headed?utm_source=elixir-merge,1730206314,elixir,unread
"Explicação dos Princípios SOLID com Vue.js | by lostCode | Oct, 2024 | Medium",https://ilostcode.medium.com/explica%C3%A7%C3%A3o-dos-princ%C3%ADpios-solid-com-vue-js-0bda12f03a0c,1730206265,frontend,unread
Farendar · Devlog,https://farendar.com/blog/posts/8,1730237542,elixir,unread
Introducing Sage — a Sagas pattern implementation in Elixir | by Andrew Dryga | Nebo #15 | Medium,https://medium.com/nebo-15/introducing-sage-a-sagas-pattern-implementation-in-elixir-3ad499f236f6,1730295996,elixir,unread
TextChunker: Intelligent Text Chunking For Elixir | Revelry,https://revelry.co/insights/artificial-intelligence/announcing-textchunker/,1730833364,elixir,unread
Elixir Streams |> Tests as docs? 🤔,https://www.elixirstreams.com/tips/tests-as-docs?utm_source=elixir-merge,1730833373,elixir,unread
How to use Jina embeddings in Elixir with Bumblebee | bitcrowd blog,https://bitcrowd.dev/how-to-run-jina-embeddings-in-elixir/?utm_source=elixir-merge,1730833384,elixir,unread
Build a Static Site in Elixir Under 5 Minutes with Phoenix Components,https://mishka.tools/blog/build-a-static-site-in-elixir-under-5-minutes-with-phoenix-components?utm_source=elixir-merge,1730833404,elixir,unread
How to format Elixir doctests? | Angelika.me,https://angelika.me/2024/03/02/format-elixir-doctests/?utm_source=elixir-merge,1732061151,,unread
"Elixir Machine Learning: Clustering, Bumblebee, and Structured Prompting",https://dockyard.com/blog/2024/03/05/elixir-machine-learning-clustering-bumblebee-structured-prompting?utm_source=elixir-merge,1732149880,,unread
Engineering Principles for Building Financial Systems,https://substack.wasteman.codes/p/engineering-principles-and-best-practices,1732153297,arquitetura,unread
On writing and getting from zero to done — Jack Vanlightly,https://jack-vanlightly.com/blog/2024/11/5/on-writing-and-getting-from-zero-to-done,1733156000,arquitetura,unread
Optimizing TypeScript Memory Usage,https://swatinem.de/blog/optimizing-tsc/,1733156032,arquitetura,unread
Scaling Your Artifacts With Your Team | by Davi de Castro Reis | Better Programming,https://betterprogramming.pub/scaling-your-artifacts-with-your-team-de9b0c7775b3,1733156079,arquitetura,unread
Conteúdo - ElemarJR,https://elemarjr.com/conteudo/,1734463046,carreira,unread
Leveling Up Reddit's Core - The Transition from Thrift to gRPC : r/RedditEng,https://www.reddit.com/r/RedditEng/comments/xivl8d/leveling_up_reddits_core_the_transition_from/,1734463787,arquitetura,unread
Seamless navigation between SPA and LiveView,https://arathunku.com/b/2024/seamless-navigation-between-spa-and-liveview/?utm_source=elixir-merge,1734621792,elixir,unread
A Match Made in Heaven – Transactional Systems and Erlang/Elixir - Erlang Solutions,https://www.erlang-solutions.com/blog/transactional-systems-in-erlang-elixir/,1734621813,elixir,unread
How to Build a Memory-efficient Elixir App with Streams | AppSignal Blog,https://blog.appsignal.com/2024/02/06/how-to-build-a-memory-efficient-elixir-app-with-streams.html?utm_source=elixir-merge,1734621820,elixir,unread
One Billion Record Challenge in Elixir - faster : NTECS Consulting,https://www.ntecs.de/posts/2024-01-29-one-billion-record-challenge-in-elixir-faster/?utm_source=elixir-merge,1734626116,elixir,unread
About this book - Classic Computer Science Problems in Python,https://livebook.manning.com/book/classic-computer-science-problems-in-python/about-this-book/2,1734958516,books,unread
How To Get the Parent of an Elixir Process | Salty Crackers Dot Dev,https://saltycrackers.dev/posts/how-to-get-the-parent-of-an-elixir-process/?utm_source=elixir-merge,1736298959,elixir,unread
Hacking Phoenix LiveUpload,https://www.thestackcanary.com/phoenix-liveuploads-pdf/?utm_source=elixir-merge,1736298967,elixir,unread
Why Elixir? Phoenix & LiveView are unmatched for Modern Web Apps - RisingStack Engineering,https://blog.risingstack.com/why-elixir/?utm_source=elixir-merge,1736298981,elixir,unread
https://dockyard.com/blog/2024/08/20/where-are-nx-axon-bumblebee-headed,https://dockyard.com/blog/2024/08/20/where-are-nx-axon-bumblebee-headed,1736338017,elixir,unread
Using LLama.cpp with Elixir and Rustler · The Phoenix Files,https://fly.io/phoenix-files/using-llama-cpp-with-elixir-and-rustler/,1736355231,elixir,unread
Refactoring with Codemods to Automate API Changes,https://martinfowler.com/articles/codemods-api-refactoring.html#RefactoringAnAvatarComponent,1736534372,arquitetura,unread
"Square Pubs Clean Energy Bitcoin Report - Bitcoin Magazine: Bitcoin News, Articles, Charts, and Guid",https://archive.ph/NHn8M,1736534386,arquitetura,unread
Effortless Video Sharing with Phoenix LiveView and FLAME,https://www.poeticoding.com/effortless-video-sharing-with-phoenix-liveview-and-flame/,1736960445,elixir,unread
Explorer 0.8: The `dtype` release | Christopher Grainger,https://cigrainger.com/explorer-0-8-0/?utm_source=elixir-merge,1736960451,,unread
Dan Schultzer: CSV Export using NimbleCSV,https://danschultzer.com/posts/csv-export-using-nimblecsv?utm_source=elixir-merge,1736960457,elixir,unread
Search is not magic with PostgreSQL | by Oliver Kriška | Medium,https://blog.ideax.sk/search-is-not-magic-with-postgresql-613069cb2f21,1736960463,elixir,unread
"Iván Munguía - Create an address autocomplete using Google API, Elixir and Phoenix Liveview Part 2",https://ivanmunguia.dev/blog/posts/create-address-autocomplete-with-elixir-phoenix-liveview-part-2?utm_source=elixir-merge,1736960469,elixir,unread
Iván Munguía - AI Driven Development Series: Create an URL Shortener in Elixir,https://ivanmunguia.dev/blog/posts/ai-driven-development-series-create-an-url-shortener?utm_source=elixir-merge,1736960482,elixir,unread
How I migrated my bare React Native app to Expo,https://expo.dev/blog/how-i-migrated-my-bare-react-native-app-to-expo,1737510280,react-native,unread
Data evolution with set-theoretic types - Dashbit Blog,https://dashbit.co/blog/data-evolution-with-set-theoretic-types?utm_source=elixir-merge,1737819283,elixir,unread
"Testing Microservices, the sane way | by Cindy Sridharan | Medium",https://copyconstruct.medium.com/testing-microservices-the-sane-way-9bb31d158c16,1737819304,arquitetura,unread
How Does Uber Find Nearby Drivers? - by Neo Kim,https://newsletter.systemdesign.one/p/how-does-uber-find-nearby-drivers,1737893751,arquitetura,unread
AWS Scale - by Neo Kim - The System Design Newsletter,https://newsletter.systemdesign.one/p/aws-scale,1737893763,arquitetura,unread
PostgreSQL Scalability - by Neo Kim,https://newsletter.systemdesign.one/p/postgresql-scalability,1737893770,arquitetura,unread
Slack Architecture - System Design,https://systemdesign.one/slack-architecture/,1737893783,arquitetura,unread
Uber ETA - by Neo Kim - The System Design Newsletter,https://newsletter.systemdesign.one/p/uber-eta,1737893800,arquitetura,unread
Distributed Counter System Design - System Design,https://systemdesign.one/distributed-counter-system-design/,1737893808,arquitetura,unread
System Design Pastebin - System Design,https://systemdesign.one/system-design-pastebin/,1737893828,arquitetura,unread
Idempotent API - by Neo Kim - The System Design Newsletter,https://newsletter.systemdesign.one/p/idempotent-api,1737893836,arquitetura,unread
Tinder Architecture - by Neo Kim,https://newsletter.systemdesign.one/p/tinder-architecture,1737893844,arquitetura,unread
URL Shortening System Design - System Design,https://systemdesign.one/url-shortening-system-design/,1737893853,arquitetura,unread
Zoom Architecture - by Neo Kim,https://newsletter.systemdesign.one/p/zoom-architecture,1737893860,arquitetura,unread
Cache Consistency - by Neo Kim,https://newsletter.systemdesign.one/p/cache-consistency,1737893867,arquitetura,unread
Amazon S3 Durability - by Neo Kim,https://newsletter.systemdesign.one/p/amazon-s3-durability,1737893879,arquitetura,unread
Leaderboard System Design - System Design,https://systemdesign.one/leaderboard-system-design/,1737893898,arquitetura,unread
YuE,https://map-yue.github.io/,1738030177,computacional-inteligence,unread
Serialization is the Secret - Zach Daniel,https://www.zachdaniel.dev/p/serialization-is-the-secret,1738153628,elixir,unread
Account Transactions,https://learnmongodbthehardway.com/schema/transactions/,1738156430,arquitetura,unread
Preparo Nubank | Trello,https://trello.com/b/SRvjvA1T/preparo-nubank,1738162711,arquitetura,unread
• Discord | 📞│Pair Programming | ✈ J UST TRAVEL,https://discord.com/channels/969325291589763192/1194617490769195088,1738276407,,unread
Why Uber Engineering Switched from Postgres to MySQL | Uber Blog,https://www.uber.com/en-BR/blog/postgres-to-mysql-migration/,1738279088,elixir,unread
[Agentic AI] Turning $20 into $500 - Transforming Cursor into Devin in One Hour,https://yage.ai/cursor-to-devin-en.html,1738671323,computacional-inteligence,unread
Ecto Datetime With Time Zone · Milad's Notes,https://milad.rastian.me/posts/ecto-datetime-with-time-zone/?utm_source=elixir-merge,1738688136,elixir,unread
"Building a Globally Distributed WebRTC Service with Elixir WebRTC, STUNner, and Cilium Cluster Mesh ",https://blog.swmansion.com/building-a-globally-distributed-webrtc-service-with-elixir-webrtc-stunner-and-cilium-cluster-mesh-54553bc066ad,1739493472,elixir,unread
Holiday side project 2023: Turtles | joisig gone awol,https://joisig.com/2023-holiday-side-project-turtles?utm_source=elixir-merge,1738689840,elixir,unread
System Design in a Hurry,https://www.hellointerview.com/learn/system-design/in-a-hurry/introduction,1738941498,arquitetura,unread
"Building a Membrane Pipeline to Talk to Google Gemini | by Samrat Man Singh | Feb, 2025 | Software M",https://blog.swmansion.com/building-a-membrane-pipeline-to-talk-to-google-gemini-ff637fc0fe40,1739214370,elixir,unread
"Elixir Observability: OpenTelemetry, Lightstep, Honeycomb",https://davelucia.com/blog/observing-elixir-with-lightstep,1739487638,elixir,unread
NTP Implementation in Elixir | Andrei Crnkovic,https://0x7f.dev/posts/ntp-implementation-in-elixir/?utm_source=elixir-merge,1739493455,elixir,unread
Running Python scripts with Elixir,https://rfp.dev/blog/running-python-scripts-with-elixir?utm_source=elixir-merge,1739903222,elixir,unread
Finding Kafka’s throughput limit in Dropbox infrastructure - Dropbox,https://dropbox.tech/infrastructure/finding-kafkas-throughput-limit-in-dropbox-infrastructure,1740446110,arquitetura,unread
Scaling startups: Financial foundations & strategic product roadmap,https://thoughtbot.com/blog/scaling-startups-financial-foundations-strategic-product-roadmap,1740519908,,unread
pedronauck (@pedronauck) / X,https://x.com/pedronauck,1740534919,,unread
Run LLMs on macOS using llm-mlx and Apple’s MLX framework,https://simonwillison.net/2025/Feb/15/llm-mlx/,1740609855,computacional-inteligence,unread
AI Engineer Pack by ElevenLabs,https://www.aiengineerpack.com/?success=1,1740766385,computacional-inteligence,unread
Quick Start - Lynx,"https://lynxjs.org/guide/start/quick-start.html#ios-simulator-platform=macos-arm64,explorer-platform=ios-simulator",1741263181,mobile,unread
"Title Launch Observability at Netflix Scale | by Netflix Technology Blog | Mar, 2025 | Netflix TechB",https://netflixtechblog.com/title-launch-observability-at-netflix-scale-8efe69ebd653,1741283825,arquitetura,unread
Title Launch Observability at Netflix Scale | by Netflix Technology Blog | Netflix TechBlog,https://netflixtechblog.com/title-launch-observability-at-netflix-scale-c88c586629eb,1741283832,arquitetura,unread
"Title Launch Observability at Netflix Scale | by Netflix Technology Blog | Jan, 2025 | Netflix TechB",https://netflixtechblog.com/title-launch-observability-at-netflix-scale-19ea916be1ed,1741283845,arquitetura,unread
The Deep Research problem — Benedict Evans,https://www.ben-evans.com/benedictevans/2025/2/17/the-deep-research-problem,1741284229,arquitetura,unread
How we evolve code: Notion’s “ratcheting” system using custom ESLint rules,https://www.notion.com/blog/how-we-evolved-our-code-notions-ratcheting-system-using-custom-eslint-rules,1741284243,arquitetura,unread
"Collapsing the Talent Stack, Persona-Led Growth & Designing Organizations for the Future",https://www.implications.com/p/insights-on-collapsing-the-talent,1741310610,,unread
Você pode criar uma empresa inteira sozinho,https://lincolixavier.substack.com/p/voce-pode-criar-uma-empresa-inteira,1741361346,empreendedorismo,unread
Real World ™ Machine Learning on Fly GPU's · The Phoenix Files,https://fly.io/phoenix-files/real-world-machine-learning-on-fly-gpu/?utm_source=elixir-merge,1741705321,elixir,unread
"Elixir for Multimedia: A Practical Guide for Developers | by Karolina Kulig | Feb, 2025 | Software M",https://blog.swmansion.com/elixir-for-multimedia-a-practical-guide-for-developers-169adb0eb523,1742258738,elixir,unread
MCP Servers Directory - Browse Servers,https://www.mcpserverspot.com/servers,1742207633,computacional-inteligence,unread
Fine-Tuning Code Models in Elixir: How to Create a Code Copilot,https://dockyard.com/blog/2023/12/12/code-models-in-elixir-how-to-create-a-code-copilot?utm_source=elixir-merge,1742258645,elixir,unread
Intro to Elixir Applications on Kubernetes,https://brewingelixir.com/intro-to-elixir-applications-on-kubernetes?utm_source=elixir-merge,1742258688,elixir,unread
Avoid Trips To The Database With Nebulex - Phoenix Series,https://blog.guzman.codes/avoid-trips-to-the-database-with-nebulex-phoenix-series?utm_source=elixir-merge,1742346596,elixir,unread
Ledger: Command-Line Accounting,https://ledger-cli.org/doc/ledger3.html,1742671460,,unread
Verifying JWTs from Apple's App Store – Andrea Leopardi,https://andrealeopardi.com/posts/verifying-apple-jwts/?utm_source=elixir-merge,1744411338,elixir,unread
Cyanview: Coordinating Super Bowl's visual fidelity with Elixir - The Elixir programming language,https://elixir-lang.org/blog/2025/03/25/cyanview-elixir-case/?utm_source=elixir-merge,1745345019,elixir,unread
Fabyanno Araújo de Oliveira | LinkedIn,https://www.linkedin.com/in/fabyanno-araujo/,1745593754,,unread
Netflix,https://www.netflix.com/watch/70296715?trackId=155573558,1745791273,,unread
Eu abri uma mentoria? - YouTube,https://www.youtube.com/watch?v=pgqAOJlWdU0,1745854447,,unread
How a Single Line Of Code Could Brick Your iPhone | Rambo Codes,https://rambo.codes/posts/2025-04-24-how-a-single-line-of-code-could-brick-your-iphone,1745870209,mobile,unread
Mobile Bridge: Making WebViews Feel Native (2025) - Shopify,https://shopify.engineering/mobilebridge-native-webviews#,1745942095,,unread
database - How can I solve a frequently-deadlocked MySQL table? - Stack Overflow,https://stackoverflow.com/questions/47600226/how-can-i-solve-a-frequently-deadlocked-mysql-table,1746054935,,unread
esse DEV não tem limites - YouTube,https://www.youtube.com/watch?v=gxnf090_o1o,1746061400,,unread
web-lively-brook-6853 · Overview · Fly,https://fly.io/apps/web-lively-brook-6853,1746109937,,unread
Home / X,https://x.com/home,1746449746,,unread
"Codemancers – Expert Web Dev with React, Rails & Node.js",https://www.codemancers.com/blog/2020-02-27-extract-data-from-qr-code-in-elixir,1746453647,elixir,unread
Ensinando Zig mais recente pra sua LLM - Treinando LoRas (quase) | AkitaOnRails.com,https://www.akitaonrails.com/2025/05/03/ensinando-zig-mais-recente-pra-sua-llm-treinando-loras-quase,1746453659,computacional-inteligence,unread
A RAG Library for Elixir | bitcrowd blog,https://bitcrowd.dev/a-rag-library-for-elixir/?utm_source=elixir-merge,1747780703,elixir,unread
The Long-Term Cost of Technical Debt & How to Avoid It,https://dockyard.com/blog/2025/05/13/the-long-term-cost-of-technical-debt-and-how-to-avoid-it?&utm_source=twitter&utm_medium=post&utm_content=blog,1747780775,elixir,unread
Rant - LLMs vão evoluir pra sempre? Desmistificando LLMs na programação | AkitaOnRails.com,https://www.akitaonrails.com/2025/05/01/rant-llms-vao-evoluir-pra-sempre-desmistificando-llms-na-programacao,1747780786,computacional-inteligence,unread
Spaced Repetition Systems Have Gotten Way Better | Domenic Denicola,https://domenic.me/fsrs/,1748390682,mobile,unread
EP157: How to Learn Backend Development?,https://blog.bytebytego.com/p/ep157-how-to-learn-backend-development?ref=dailydev,1748444217,backend,unread
Build and deploy Remote Model Context Protocol (MCP) servers to Cloudflare,https://blog.cloudflare.com/remote-model-context-protocol-servers-mcp/,1750271654,computacional-inteligence,unread
Mini PC Lenovo ThinkCentre Intel i5 7500t KaBuM,https://www.kabum.com.br/produto/603080/mini-pc-lenovo-thinkcentre-intel-core-i5-7500t-7-geracao-16gb-ram-ddr4-ssd-256gb-nvme-windows-10-pro?utm_id=21434223532&gad_source=1&gad_campaignid=21423802761&gclid=CjwKCAjw9anCBhAWEiwAqBJ-cymTovE-SFMfk5WeS9-ycRerN6wtGYCXxo_Tt0FR_EOEnnP0XWW7DhoClrcQAvD_BwE,1750362351,homelab,unread
SSD 1 TB WD Red SA500 NAS | KaBuM!,https://www.kabum.com.br/produto/110438/ssd-wd-red-sa500-nas-sata-1tb-2-5-leitura-560mb-s-e-gravacao-530mb-s-preto-wds100t1r0a?utm_id=22429436066&gad_source=1&gad_campaignid=22429436066&gclid=CjwKCAjwx8nCBhAwEiwA_z__03fdnceq5-qJdbRbhUMH1mGXg4HpEYdfpAKOIr_YFgEdRlaIO3-giBoC5WwQAvD_BwE,1750362369,homelab,unread
Distributed Phoenix: Deployment and Scaling | AppSignal Blog,https://blog.appsignal.com/2024/12/10/distributed-phoenix-deployment-and-scaling.html?utm_source=elixir-merge,1750423759,elixir,unread
"System Design - Storage, RAID e Sistemas de Arquivos | Matheus Fidelis",https://fidelissauro.dev/storage/,1751044018,arquitetura,unread
